2, 304182, 313165
2, 141747, 166377
2, 499433, 415107
2, 184420, 189378
2, 319957, 311797
2, 163145, 151219
2, 318144, 326124
2, 216290, 286780
2, 78556, 12720
2, 429838, 457317
2, 207851, 228520
2, 11719, 25222
2, 203577, 257432
2, 346045, 365087
2, 197613, 106361
2, 161308, 151777
2, 151902, 107194
2, 283001, 274968
2, 375815, 396074
2, 325944, 312661
2, 105057, 105419
2, 268255, 297423
2, 349322, 316955
2, 317254, 307545
2, 229531, 238186
2, 451, 61273
2, 407019, 430956
2, 113554, 145264
2, 114448, 103600
2, 148011, 142518
2, 51282, 93476
2, 470259, 417964
2, 310666, 390610
2, 43945, 49860
2, 456783, 423353
2, 388020, 330546
2, 258209, 211896
2, 429170, 464207
2, 438345, 457923
2, 175355, 184761
2, 77594, 60758
2, 113757, 176324
2, 117236, 146811
2, 415483, 424879
2, 113067, 127913
2, 334103, 321761
2, 278238, 267596
2, 273110, 223258
2, 88632, 41581
2, 14209, 89706
2, 163750, 168061
2, 495530, 411832
2, 192605, 179065
2, 144747, 136025
2, 343561, 326421
2, 117661, 185668
2, 353513, 383069
2, 499883, 490290
2, 324346, 393102
2, 146276, 105333
2, 146594, 137810
2, 489847, 453522
2, 85837, 10838
2, 193742, 186499
2, 261035, 245344
2, 209569, 273412
2, 445488, 422206
2, 199086, 113769
2, 217182, 251503
2, 10544, 45456
2, 379638, 341510
2, 403718, 426466
2, 333751, 370179
2, 215675, 241968
2, 46641, 93536
2, 91536, 55697
2, 324335, 393499
2, 374466, 311040
2, 386331, 303906
2, 174950, 116832
2, 223905, 232452
2, 183046, 182417
2, 229425, 298088
2, 115538, 112612
2, 187021, 173270
2, 18247, 15065
2, 446525, 492678
2, 120720, 198748
2, 334998, 365649
2, 275645, 267050
2, 183502, 111309
2, 167424, 179988
2, 159978, 119985
2, 199503, 198302
2, 122118, 158291
2, 173257, 140458
2, 7069, 64237
2, 269231, 233516
2, 442638, 468037
2, 26055, 10091
2, 219953, 258702
2, 377975, 320953
2, 10026, 46122
2, 18902, 24186
2, 287574, 293867
2, 283294, 256269
2, 229637, 234477
2, 372024, 348366
2, 18506, 78755
2, 467987, 494977
2, 479208, 421421
2, 495681, 478615
2, 485278, 484915
2, 75835, 97874
2, 279213, 252096
2, 153154, 122429
2, 108788, 177781
2, 218470, 216788
2, 159370, 153506
2, 161170, 146597
2, 58600, 60122
2, 486508, 480549
2, 232779, 287773
2, 423993, 474065
2, 131082, 115711
2, 390406, 325181
2, 264544, 242897
2, 273464, 221698
2, 121188, 123691
2, 423112, 403679
2, 229488, 279299
2, 274996, 245212
2, 165950, 184266
2, 243931, 297199
2, 433033, 447202
2, 164608, 125702
2, 186844, 157795
2, 310103, 388735
2, 392660, 337621
2, 433256, 499692
2, 57376, 45204
2, 45759, 16935
2, 89897, 89794
2, 363833, 386371
2, 191953, 146478
2, 419701, 407184
2, 393469, 375736
2, 305583, 307976
2, 59191, 56715
2, 380796, 311949
2, 252979, 299485
2, 109432, 174725
2, 285346, 245420
2, 203341, 241799
2, 463094, 471474
2, 382245, 394768
2, 91046, 65072
2, 300498, 334099
2, 287361, 288130
2, 432975, 440530
2, 303877, 362288
2, 257600, 206018
2, 142648, 146891
2, 477478, 422817
2, 215113, 207927
2, 316816, 357268
2, 345686, 371492
2, 491478, 456778
2, 168395, 173757
2, 484765, 447274
2, 274787, 292749
2, 440755, 415246
2, 324628, 304355
2, 81016, 71222
2, 157346, 107733
2, 420420, 428583
2, 76160, 13161
2, 296263, 235793
2, 23909, 45477
2, 362893, 328007
2, 323674, 321931
2, 136477, 126505
2, 382878, 325994
2, 313589, 364254
2, 135368, 100123
2, 251412, 285172
2, 282546, 290785
2, 451094, 470582
2, 20163, 54873
2, 48614, 14789
2, 477547, 474843
2, 377955, 368988
2, 38114, 54255
2, 416970, 465722
2, 51210, 21521
2, 105940, 114876
2, 496853, 485064
2, 402602, 437359
2, 178519, 114978
2, 2990, 63145
2, 73352, 97518
2, 485378, 461778
2, 63606, 48808
2, 260975, 258232
2, 360012, 348419
2, 252819, 259731
2, 253975, 284089
2, 143318, 167528
2, 126221, 114904
2, 210214, 245272
2, 38762, 85849
2, 434927, 404032
2, 189152, 112074
2, 46365, 14411
2, 202349, 279934
2, 26461, 75892
2, 256670, 233820
2, 321332, 357104
2, 328931, 309372
2, 222945, 249189
2, 57189, 85134
2, 499094, 420854
2, 31523, 74352
2, 499975, 474564
2, 89249, 27483
2, 248026, 221033
2, 387146, 389065
2, 332816, 370195
2, 389414, 322801
2, 468061, 462113
2, 468206, 446609
2, 110171, 139080
2, 190424, 125130
2, 15194, 29755
2, 83344, 83866
2, 257582, 264622
2, 62889, 91497
2, 403333, 471746
2, 319692, 396452
2, 6817, 8041
2, 342206, 378063
2, 294853, 239657
2, 273871, 294666
2, 223722, 229206
2, 402638, 495835
2, 274704, 256343
2, 333830, 312173
2, 383492, 300461
2, 60168, 42017
2, 386690, 317631
2, 387182, 351002
2, 224729, 230691
2, 385424, 362242
2, 389014, 392651
2, 278285, 293461
2, 325487, 377712
2, 302821, 367914
2, 338150, 328692
2, 356349, 353736
2, 313648, 388041
2, 273090, 232999
2, 331325, 393137
2, 79520, 17573
2, 389810, 320875
2, 18142, 34662
2, 199578, 158280
2, 497205, 476503
2, 158181, 129909
2, 327122, 344808
2, 279584, 267110
2, 242309, 234472
2, 236411, 201231
2, 245974, 228834
2, 185081, 125575
2, 761, 48843
2, 305267, 398765
2, 456392, 450067
2, 157387, 146290
2, 458635, 455531
2, 114783, 147114
2, 362826, 328319
2, 159505, 176452
2, 195703, 165868
2, 53684, 10643
2, 99015, 48010
2, 12698, 85255
2, 338094, 326078
2, 498608, 417090
2, 478642, 466575
2, 408063, 412319
2, 280934, 227488
2, 461126, 426370
2, 419243, 400190
2, 470655, 419936
2, 263697, 254449
2, 29477, 3381
2, 387870, 315156
2, 406165, 466111
2, 465737, 495315
2, 36424, 94831
2, 292489, 216853
2, 21658, 17155
2, 329957, 304346
2, 182392, 135646
2, 120153, 112133
2, 380182, 396919
2, 35243, 99953
2, 427835, 444073
2, 165329, 143878
2, 273792, 253119
2, 344833, 359435
2, 206049, 221778
2, 425993, 484747
2, 285078, 245605
2, 224929, 296648
2, 223332, 260281
2, 176847, 190105
2, 121686, 174158
2, 207592, 220542
2, 206461, 207774
2, 493772, 402045
2, 363419, 322606
2, 224074, 294536
2, 392166, 311618
2, 56965, 89929
2, 487573, 465940
2, 127750, 127115
2, 463466, 484971
2, 7644, 59241
2, 46400, 34946
2, 401169, 420675
2, 31850, 4610
2, 427442, 449507
2, 433477, 428862
2, 444370, 467085
2, 154090, 148922
2, 370700, 349517
2, 357711, 307902
2, 293801, 270511
2, 466841, 471854
2, 307438, 383111
2, 384164, 355555
2, 378988, 317410
2, 62910, 43271
2, 120072, 172023
2, 174660, 159364
2, 324656, 306209
2, 277854, 216569
2, 175019, 190147
2, 78206, 18885
2, 145887, 166122
2, 34186, 36137
2, 270936, 283818
2, 270286, 271268
2, 449868, 445617
2, 104294, 195662
2, 455414, 472093
2, 373748, 316816
2, 493025, 482277
2, 244597, 237456
2, 212060, 275674
2, 145551, 102615
2, 441297, 400954
2, 119713, 148913
2, 430291, 462695
2, 398135, 381498
2, 126158, 103351
2, 142119, 159590
2, 498257, 494316
2, 38808, 3358
2, 306872, 370809
2, 330848, 339745
2, 101731, 189738
2, 283147, 235777
2, 52400, 34884
2, 305866, 333294
2, 284395, 259896
2, 77520, 90631
2, 331016, 319499
2, 333014, 325784
2, 290433, 253182
2, 27878, 4335
2, 239897, 262518
2, 244267, 267815
2, 275704, 214729
2, 220267, 229639
2, 290897, 291153
2, 86680, 67176
2, 316480, 353773
2, 352368, 382105
2, 181062, 135412
2, 186808, 153482
2, 187715, 130937
2, 63285, 54464
2, 492299, 493837
2, 82047, 42624
2, 243470, 284053
2, 181475, 193659
2, 17438, 63018
2, 148418, 101127
2, 94990, 44055
2, 395814, 370140
2, 132731, 149187
2, 407747, 473509
2, 251091, 280004
2, 204393, 277245
2, 65681, 71589
2, 219546, 274923
2, 413430, 430947
2, 390829, 372912
2, 240334, 292506
2, 367231, 395032
2, 241075, 289275
2, 256738, 221809
2, 203353, 279605
2, 222005, 257756
2, 477362, 446990
2, 472359, 415482
2, 25660, 42267
2, 211441, 242870
2, 237863, 225230
2, 66653, 31986
2, 5051, 61035
2, 216585, 267930
2, 370099, 379964
2, 317318, 393154
2, 469094, 489262
2, 116153, 170995
2, 169895, 154464
2, 474556, 484550
2, 356326, 310491
2, 187951, 178048
2, 50213, 68323
2, 440237, 429404
2, 142743, 133922
2, 111159, 116797
2, 308195, 357352
2, 224979, 288444
2, 107954, 191577
2, 398049, 383329
2, 405485, 495370
2, 308944, 398660
2, 109926, 131875
2, 442990, 417439
2, 490373, 467569
2, 451143, 413294
2, 102243, 194525
2, 108827, 138763
2, 89481, 22701
2, 197014, 128096
2, 359921, 337987
2, 279717, 294875
2, 315408, 380851
2, 81232, 28992
2, 388579, 375968
2, 289499, 244231
2, 63218, 24021
2, 372087, 302881
2, 22851, 35699
2, 56899, 75598
2, 367812, 367644
2, 309912, 387678
2, 3370, 50974
2, 434691, 456950
2, 414204, 490146
2, 83840, 66338
2, 23567, 70185
2, 83344, 22575
2, 353495, 355051
2, 402651, 416385
2, 36153, 22419
2, 62803, 22997
2, 335860, 305731
2, 126860, 123207
2, 40243, 23353
2, 309208, 319728
2, 415292, 453265
2, 176583, 102602
2, 83098, 37248
2, 36337, 48601
2, 21345, 77145
2, 335306, 340831
2, 399701, 305726
2, 242344, 243547
2, 483135, 491537
2, 196059, 104037
2, 222690, 288229
2, 284771, 296307
2, 385379, 325018
2, 314140, 377537
2, 335240, 364400
2, 291152, 202773
2, 135143, 136542
2, 83978, 36776
2, 356206, 303430
2, 335473, 328653
2, 489046, 484713
2, 202099, 202674
2, 19912, 83212
2, 432929, 464510
2, 47218, 79137
2, 247478, 235089
2, 210697, 285544
2, 92869, 6346
2, 378032, 362560
2, 317654, 397885
2, 169497, 159953
2, 332046, 316175
2, 171324, 195186
2, 157495, 175306
2, 378659, 366323
2, 350092, 317354
2, 45566, 91976
2, 205594, 256345
2, 466539, 467934
2, 430029, 419130
2, 161720, 162779
2, 322259, 329288
2, 35771, 2447
2, 32243, 60963
2, 433930, 479677
2, 443496, 494246
2, 294169, 233335
2, 64021, 45709
2, 301268, 361082
2, 335077, 322375
2, 163446, 140041
2, 370029, 323528
2, 241176, 249837
2, 485244, 437456
2, 125060, 122079
2, 29151, 86255
2, 342489, 313629
2, 391737, 387343
2, 453, 57772
2, 358570, 340742
2, 447395, 452631
2, 411265, 472266
2, 467868, 480829
2, 177767, 154144
2, 1224, 38
2, 228811, 296466
2, 279907, 267562
2, 446686, 424161
2, 258308, 276589
2, 345400, 350099
2, 382392, 302170
2, 407178, 421533
2, 40894, 29702
2, 205101, 231562
2, 281620, 243730
2, 99137, 40507
2, 145355, 150132
2, 19024, 63412
2, 376504, 385470
2, 297350, 230777
2, 91953, 86243
2, 296767, 206143
2, 143142, 186809
2, 411595, 481580
2, 93796, 59168
2, 306124, 381535
2, 295594, 227799
2, 96319, 54340
2, 58000, 11604
2, 63382, 23455
2, 109491, 114675
2, 254998, 202186
2, 27635, 30907
2, 18338, 11122
2, 240417, 207987
2, 471190, 413159
2, 422406, 471713
2, 284727, 289732
2, 387356, 364664
2, 104349, 134339
2, 4760, 17628
2, 382552, 349553
2, 465983, 427203
2, 98737, 48966
2, 190422, 190629
2, 274299, 204466
2, 244111, 203458
2, 92865, 10270
2, 205131, 207217
2, 499655, 413455
2, 6636, 61304
2, 83671, 13853
2, 172768, 165262
2, 286603, 236693
2, 367778, 390667
2, 17344, 71933
2, 357344, 301624
2, 212154, 227621
2, 215771, 249319
2, 432082, 401795
2, 144506, 183129
2, 37634, 38566
2, 473109, 408912
2, 69661, 28477
2, 154243, 151519
2, 400685, 478616
2, 264172, 295591
2, 273486, 248393
2, 494551, 455544
2, 435696, 474374
2, 346963, 321970
2, 192253, 122227
2, 466396, 423977
2, 474255, 479575
2, 166084, 191599
2, 479062, 424699
2, 70404, 6541
2, 59699, 12001
2, 390865, 354482
2, 358213, 347313
2, 187532, 142762
2, 43394, 62746
2, 458486, 491162
2, 90524, 6429
2, 143653, 194926
2, 23101, 6796
2, 268301, 215026
2, 486687, 405438
2, 221582, 240039
2, 450423, 414053
2, 433278, 400196
2, 25935, 87950
2, 74396, 50817
2, 361330, 343431
2, 226608, 279449
2, 150004, 137153
2, 125943, 124185
2, 90581, 55458
2, 135808, 142507
2, 35588, 2153
2, 245762, 211102
2, 128040, 147324
2, 377868, 359149
2, 87792, 72535
2, 395254, 321640
2, 360945, 345449
2, 188012, 192113
2, 130031, 145502
2, 435563, 440946
2, 248743, 289021
2, 192574, 104599
2, 88707, 91319
2, 230740, 229170
2, 234868, 246363
2, 266076, 209046
2, 256584, 224285
2, 397509, 355992
2, 410825, 479369
2, 90221, 36420
2, 331164, 343860
2, 320340, 356035
2, 147706, 122242
2, 113812, 144928
2, 68809, 34507
2, 196153, 167647
2, 88088, 99175
2, 441448, 444800
2, 272366, 228315
2, 427988, 452348
2, 187502, 123282
2, 367969, 301109
2, 352684, 359786
2, 397161, 359144
2, 20853, 53961
2, 321227, 372474
2, 260012, 202000
2, 459049, 427757
2, 135249, 100331
2, 391642, 309021
2, 444814, 455253
2, 257104, 200231
2, 294861, 235049
2, 29690, 17541
2, 466926, 492085
2, 354470, 366237
2, 317842, 397332
2, 292002, 246242
2, 283696, 237025
2, 115460, 142047
2, 319074, 305807
2, 236036, 284051
2, 363148, 302179
2, 157877, 110335
2, 376468, 386081
2, 399747, 397041
2, 111955, 163325
2, 326359, 371592
2, 86250, 50921
2, 319681, 312698
2, 478111, 465070
2, 16060, 65947
2, 370989, 380110
2, 479828, 416600
2, 65401, 75474
2, 13329, 91690
2, 29289, 87569
2, 364532, 320880
2, 475461, 492261
2, 102489, 141805
2, 162211, 179233
2, 31699, 20327
2, 86441, 13188
2, 22198, 47136
2, 383991, 335754
2, 308169, 376016
2, 202651, 256495
2, 198438, 140670
2, 376399, 313515
2, 59179, 62833
2, 337064, 338286
2, 55078, 42552
2, 379646, 360259
2, 423255, 447732
2, 363426, 398415
2, 224245, 227662
2, 290236, 269606
2, 118446, 126698
2, 578, 55753
2, 57527, 2511
2, 490331, 429170
2, 353887, 320954
2, 409308, 404256
2, 442869, 435916
2, 76486, 8568
2, 21820, 9768
2, 491009, 440549
2, 316605, 352471
2, 335833, 314009
2, 17835, 16706
2, 384653, 310328
2, 233898, 248634
2, 161788, 139470
2, 120506, 153028
2, 390129, 301773
2, 149155, 194578
2, 150139, 146979
2, 317295, 308491
2, 281724, 282088
2, 254296, 240139
2, 302848, 346274
2, 2139, 26264
2, 472164, 447623
2, 28110, 34454
2, 445488, 402728
2, 430635, 412379
2, 33010, 12922
2, 88633, 60614
2, 463204, 487445
2, 349370, 361824
2, 24042, 99217
2, 334304, 386665
2, 176190, 111684
2, 196326, 131222
2, 229815, 270194
2, 447233, 495874
2, 432588, 440597
2, 474493, 444986
2, 52246, 72645
2, 310866, 300643
2, 106330, 155876
2, 483699, 497571
2, 452986, 491214
2, 195329, 122345
2, 277200, 247512
2, 382067, 358535
2, 120413, 160053
2, 363864, 394609
2, 183659, 139129
2, 278320, 276268
2, 330983, 341062
2, 216513, 261783
2, 230648, 225726
2, 250775, 293226
2, 422648, 455087
2, 71169, 58798
2, 284780, 223522
2, 445538, 428187
2, 458416, 478859
2, 381699, 394457
2, 366496, 328115
2, 404362, 420773
2, 422590, 408186
2, 314676, 385385
2, 28777, 24198
2, 328186, 301120
2, 345926, 396971
2, 402214, 400273
2, 383284, 342217
2, 167068, 188801
2, 338061, 398327
2, 220116, 259332
2, 455742, 416342
2, 46354, 53896
2, 401183, 471690
2, 92576, 58350
2, 489202, 472289
2, 277667, 261637
2, 257568, 211329
2, 312060, 338544
2, 6813, 2223
2, 467888, 409829
2, 210255, 265322
2, 243075, 277142
2, 288652, 291427
2, 468226, 405883
2, 213079, 277356
2, 38627, 54963
2, 166726, 114646
2, 444801, 407370
2, 359281, 363876
2, 274137, 283741
2, 44901, 52801
2, 148483, 183791
2, 328884, 310377
2, 334136, 360420
2, 317230, 399737
2, 401566, 492909
2, 177821, 130093
2, 409383, 471500
2, 167825, 127480
2, 453756, 402833
2, 160089, 136416
2, 301958, 314731
2, 284091, 251796
2, 369034, 321188
2, 306544, 339026
2, 6797, 8157
2, 16215, 77743
2, 410221, 484560
2, 35053, 12532
2, 161777, 133988
2, 389220, 331433
2, 150514, 150762
2, 469481, 449275
2, 471620, 424252
2, 402128, 408693
2, 484736, 493311
2, 167254, 172898
2, 404823, 414490
2, 237490, 275367
2, 96844, 87386
2, 67688, 17578
2, 425982, 460645
2, 1318, 47942
2, 372392, 397906
2, 215102, 227457
2, 134735, 105325
2, 31747, 25827
2, 199800, 113360
2, 465166, 429373
2, 468489, 465193
2, 120183, 143430
2, 207906, 212799
2, 324688, 394915
2, 226829, 250990
2, 364003, 394849
2, 463361, 411629
2, 368450, 379911
2, 33323, 54923
2, 258482, 234404
2, 129078, 140798
2, 426393, 432530
2, 392572, 380448
2, 348819, 302220
2, 251260, 246737
2, 232904, 257435
2, 125254, 105212
2, 366039, 323064
2, 403894, 450795
2, 457705, 452339
2, 272130, 210774
2, 467716, 461081
2, 213639, 222624
2, 140777, 144801
2, 313910, 307845
2, 363448, 369637
2, 450557, 487904
2, 109457, 188294
2, 464383, 458937
2, 422139, 401256
2, 356042, 337343
2, 139887, 165790
2, 458670, 410043
2, 77084, 33303
2, 108497, 193597
2, 268004, 268643
2, 481165, 417409
2, 280204, 246274
2, 165017, 157589
2, 263592, 295312
2, 385726, 379146
2, 164568, 117637
2, 115457, 140514
2, 281176, 252127
2, 460480, 450776
2, 209088, 264315
2, 37456, 1101
2, 217568, 276815
2, 292047, 212812
2, 365109, 367696
2, 72135, 91634
2, 283492, 200708
2, 255623, 295516
2, 90193, 80817
2, 38389, 11760
2, 101288, 142764
2, 467653, 439601
2, 423599, 474562
2, 252903, 215215
2, 483680, 432924
2, 442921, 448412
2, 236522, 215307
2, 53722, 29900
2, 349428, 301333
2, 380603, 331222
2, 20081, 70735
2, 362701, 332418
2, 90250, 97638
2, 387273, 349655
2, 106153, 117306
2, 381463, 314577
2, 216406, 246319
2, 210730, 246895
2, 389052, 372086
2, 101043, 131121
2, 394141, 376639
2, 315138, 389442
2, 409054, 405179
2, 40627, 73649
2, 326053, 394266
2, 210563, 228031
2, 149791, 178081
2, 320632, 380584
2, 56474, 7450
2, 222667, 205632
2, 410987, 407218
2, 235900, 215197
2, 133402, 164048
2, 262383, 296412
2, 411678, 410016
2, 376873, 344754
2, 326273, 352839
2, 349396, 321897
2, 143459, 185616
2, 236202, 235692
2, 147183, 197414
2, 326549, 399246
2, 360813, 323154
2, 49723, 22367
2, 283830, 228144
2, 163494, 105061
2, 12493, 20750
2, 329599, 357877
2, 259232, 235113
2, 401076, 437231
2, 274451, 230075
2, 85455, 382
2, 257982, 237462
2, 90758, 53103
2, 467681, 481359
2, 273002, 290738
2, 157164, 153185
2, 96356, 79305
2, 240777, 237678
2, 468556, 466849
2, 332224, 310200
2, 9106, 71509
2, 376135, 316929
2, 216766, 244668
2, 251794, 227089
2, 289401, 260476
2, 275897, 223173
2, 396456, 359678
2, 421318, 454700
2, 54082, 19572
2, 186940, 132956
2, 98303, 99635
2, 317078, 355316
2, 409439, 444215
2, 378530, 318883
2, 304479, 334121
2, 448091, 401667
2, 450120, 486526
2, 116430, 134465
2, 212757, 271317
2, 25915, 33281
2, 186526, 143100
2, 40688, 14456
2, 17689, 80093
2, 347341, 369737
2, 102096, 146006
2, 486588, 490395
2, 264087, 217251
2, 225448, 265992
2, 490871, 407262
2, 307654, 385597
2, 66024, 37074
2, 16714, 64578
2, 124960, 199248
2, 79097, 59809
2, 98849, 26562
2, 376933, 319794
2, 450085, 457668
2, 127478, 164051
2, 451751, 416805
2, 145764, 174829
2, 393720, 389042
2, 326696, 318418
2, 21629, 40437
2, 381660, 336164
2, 70813, 13733
2, 31620, 92488
2, 73499, 54581
2, 377807, 395685
2, 77490, 96855
2, 126431, 142583
2, 187645, 131621
2, 167834, 143356
2, 20942, 46027
2, 129608, 107985
2, 94677, 44994
2, 270175, 299130
2, 114275, 150505
2, 390789, 306852
2, 426431, 474394
2, 415021, 473266
2, 465761, 407570
2, 143403, 187888
2, 402191, 416942
2, 183052, 123964
2, 418488, 423428
2, 405525, 427735
2, 679, 84576
2, 187365, 117976
2, 109913, 109256
2, 62246, 56751
2, 302666, 399005
2, 172271, 135376
2, 173273, 188151
2, 40283, 31991
2, 489864, 451557
2, 295285, 245626
2, 349683, 312556
2, 405064, 403011
2, 288661, 283415
2, 472868, 425112
2, 132553, 147107
2, 297043, 267349
2, 52379, 32056
2, 334193, 376894
2, 149383, 162385
2, 411758, 496458
2, 442057, 432386
2, 152200, 188367
2, 464772, 487004
2, 220335, 293485
2, 143334, 104873
2, 174928, 176900
2, 104325, 162905
2, 92907, 99820
2, 380069, 372649
2, 198585, 149066
2, 180703, 101157
2, 55280, 83046
2, 141334, 183533
2, 356232, 311367
2, 10328, 21084
2, 227999, 213469
2, 125046, 126490
2, 290523, 218552
2, 9002, 46614
2, 416169, 459886
2, 231524, 275192
2, 418934, 414489
2, 361061, 351328
2, 299169, 295865
2, 67857, 31201
2, 489007, 462722
2, 498417, 480919
2, 177152, 162334
2, 426355, 472739
2, 111221, 180234
2, 273165, 228864
2, 144439, 158246
2, 357334, 320496
2, 286811, 205451
2, 210198, 283492
2, 131054, 109243
2, 367503, 361893
2, 432451, 499778
2, 467302, 402088
2, 432026, 464726
2, 260271, 299352
2, 362055, 374641
2, 191896, 191112
2, 165276, 170226
2, 286704, 288731
2, 201250, 211746
2, 187846, 191668
2, 17813, 2305
2, 103630, 199662
2, 201403, 231593
2, 301839, 386148
2, 439398, 437851
2, 295509, 269090
2, 182002, 178566
2, 368120, 378934
2, 488836, 417486
2, 98898, 26409
2, 7844, 54918
2, 496141, 485543
2, 135641, 112631
2, 465673, 435514
2, 191033, 145989
2, 472932, 430606
2, 259319, 258411
2, 457282, 427552
2, 334445, 304466
2, 429022, 490836
2, 146198, 177937
2, 372480, 332962
2, 364316, 306895
2, 437675, 448337
2, 164206, 167344
2, 489712, 407598
2, 449224, 491539
2, 39432, 73857
2, 293230, 287232
2, 204122, 221056
2, 435269, 486894
2, 356679, 303044
2, 429243, 423263
2, 349207, 362511
2, 11396, 6151
2, 164651, 161044
2, 182726, 115939
2, 415742, 428151
2, 474781, 436229
2, 51439, 56640
2, 489509, 413894
2, 101308, 154786
2, 33494, 54568
2, 481282, 400614
2, 15090, 63715
2, 90528, 76432
2, 483057, 452083
2, 233456, 248397
2, 186849, 143931
2, 483952, 487846
2, 305651, 346313
2, 194368, 193217
2, 262459, 217268
2, 104316, 103860
2, 404079, 451120
2, 100757, 129289
2, 344, 5503
2, 377228, 360255
2, 370449, 334966
2, 148627, 159043
2, 238715, 209235
2, 494200, 445870
2, 179367, 109358
2, 60223, 1600
2, 396646, 370747
2, 16372, 19568
2, 418090, 455703
2, 81699, 44667
2, 477757, 476553
2, 428741, 451691
2, 444268, 423513
2, 135405, 181267
2, 491767, 460005
2, 134868, 193120
2, 141210, 100141
2, 59027, 80936
2, 226399, 222694
2, 44382, 73883
2, 87825, 39351
2, 493750, 499475
2, 90121, 92572
2, 333157, 348503
2, 9950, 79186
2, 170047, 129727
2, 328913, 379462
2, 464006, 488238
2, 270926, 278505
2, 283177, 208836
2, 76335, 36423
2, 208872, 278495
2, 471318, 486173
2, 32060, 1187
2, 321333, 319184
2, 100206, 139417
2, 394747, 312807
2, 186067, 108828
2, 305737, 306137
2, 309001, 371525
2, 395905, 318331
2, 23867, 34508
2, 155071, 129361
2, 114860, 198193
2, 338897, 364967
2, 428056, 433795
2, 22734, 40143
2, 471581, 426360
2, 401637, 428247
2, 486790, 475234
2, 42516, 4581
2, 434277, 488653
2, 113326, 183990
2, 378776, 313747
2, 37412, 10032
2, 8868, 41350
2, 337477, 358995
2, 129504, 143809
2, 462092, 488750
2, 408420, 482918
2, 471151, 445661
2, 314572, 380726
2, 301029, 372172
2, 242824, 214627
2, 457802, 451436
2, 466440, 447604
2, 314449, 356186
2, 261952, 205367
2, 107989, 181437
2, 437286, 407596
2, 183161, 131325
2, 135387, 118883
2, 403741, 488345
2, 308663, 368572
2, 415296, 494080
2, 270457, 249246
2, 371074, 311251
2, 34419, 13476
2, 190591, 163080
2, 116284, 155324
2, 340744, 365196
2, 446333, 475272
2, 129317, 120131
2, 19290, 65179
2, 22907, 37492
2, 360252, 336320
2, 469702, 433564
2, 330898, 377383
2, 73690, 31407
2, 328807, 378459
2, 130208, 135725
2, 383864, 372462
2, 437381, 492913
2, 113568, 182100
2, 392814, 317041
2, 407502, 455614
2, 17314, 34343
2, 193563, 149643
2, 19684, 41781
2, 8849, 19802
2, 340650, 363316
2, 347132, 340101
2, 284650, 290570
2, 473101, 438973
2, 163921, 151508
2, 336122, 364094
2, 203764, 258234
2, 9390, 81094
2, 163219, 199648
2, 354371, 393611
2, 206846, 206260
2, 286900, 224259
2, 442682, 453838
2, 188892, 144461
2, 242886, 290469
2, 27297, 30264
2, 403724, 499796
2, 480805, 485584
2, 252162, 265636
2, 288626, 249039
2, 63219, 86537
2, 4439, 31970
2, 230113, 237738
2, 392615, 390266
2, 20357, 98697
2, 443659, 488912
2, 395679, 372316
2, 66720, 50052
2, 215218, 218066
2, 161400, 155131
2, 396960, 322150
2, 35847, 42711
2, 15853, 33135
2, 184601, 130393
2, 439950, 489670
2, 10564, 92647
2, 442930, 460048
2, 134888, 196519
2, 165167, 175617
2, 77200, 96317
2, 229846, 270515
2, 382922, 362826
2, 275358, 231030
2, 128873, 155326
2, 388301, 341187
2, 111464, 120613
2, 349483, 385038
2, 225534, 278266
2, 205110, 207099
2, 121687, 182870
2, 357101, 332300
2, 11528, 20465
2, 323138, 391624
2, 205013, 243082
2, 378691, 388870
2, 275734, 281760
2, 305890, 371496
2, 248080, 263999
2, 18475, 46480
2, 218850, 229354
2, 267118, 261074
2, 405637, 445881
2, 168027, 151728
2, 2180, 90626
2, 483698, 413491
2, 285153, 238717
2, 79996, 92499
2, 167523, 140822
2, 219796, 209393
2, 82311, 4586
2, 199909, 188796
2, 207204, 208406
2, 288449, 204752
2, 244078, 208150
2, 173588, 127060
2, 238304, 284707
2, 69303, 35918
2, 142565, 147238
2, 377320, 322818
2, 197461, 157523
2, 413836, 420173
2, 37622, 39557
2, 430874, 453368
2, 354937, 378433
2, 441851, 461741
2, 118853, 185734
2, 131578, 126887
2, 145191, 140466
2, 149776, 157619
2, 450803, 499606
2, 253671, 285648
2, 446679, 434147
2, 306730, 349993
2, 142403, 174649
2, 108231, 147480
2, 390990, 344943
2, 258253, 276387
2, 41496, 87589
2, 124614, 120407
2, 196014, 190685
2, 176395, 121979
2, 173081, 150140
2, 236938, 255820
2, 262220, 222950
2, 428423, 468154
2, 149137, 147108
2, 286131, 260464
2, 370204, 372933
2, 138058, 190164
2, 310103, 360737
2, 305489, 394982
2, 224362, 243256
2, 311874, 310989
2, 433319, 435891
2, 23070, 69996
2, 233416, 269363
2, 70804, 94045
2, 366314, 311467
2, 465371, 489776
2, 252415, 242405
2, 370595, 335565
2, 87481, 50919
2, 68359, 42145
2, 384931, 387715
2, 427641, 400509
2, 161209, 145262
2, 397306, 399041
2, 197415, 150321
2, 373363, 305156
2, 135874, 136038
2, 179520, 192500
2, 85386, 98928
2, 55274, 83731
2, 123522, 120401
2, 157330, 106647
2, 498093, 422657
2, 239613, 244086
2, 266553, 285254
2, 314128, 383824
2, 6402, 2360
2, 83994, 38615
2, 16833, 8044
2, 288474, 283517
2, 493377, 442525
2, 7532, 82560
2, 407116, 449683
2, 454380, 404204
2, 471257, 413340
2, 25695, 23709
2, 304329, 399532
2, 339992, 336422
2, 216834, 275373
2, 444111, 458940
2, 55332, 78536
2, 342046, 361416
2, 205771, 274654
2, 387952, 348113
2, 2025, 45036
2, 172871, 114927
2, 392020, 352542
2, 233687, 287546
2, 344996, 378418
2, 464927, 454319
2, 55354, 24771
2, 157638, 120316
2, 142663, 154140
2, 65170, 65409
2, 29194, 30747
2, 497013, 403847
2, 385417, 340978
2, 235070, 268150
2, 137493, 128753
2, 11069, 10973
2, 214280, 285563
2, 415927, 403180
2, 141086, 103894
2, 416383, 421674
2, 136299, 116985
2, 341081, 322971
2, 51537, 20591
2, 209457, 223248
2, 213926, 272894
2, 171718, 193356
2, 145555, 130078
2, 204617, 271490
2, 387322, 381931
2, 176704, 108967
2, 54674, 62793
2, 5155, 70537
2, 230679, 251176
2, 361185, 312039
2, 94458, 59144
2, 909, 49096
2, 426721, 438558
2, 86135, 98348
2, 232995, 272715
2, 92499, 24185
2, 6252, 6545
2, 63900, 36972
2, 333961, 359944
2, 43461, 1843
2, 257798, 228442
2, 473074, 478503
2, 259161, 254594
2, 292741, 281576
2, 402479, 492193
2, 473436, 488470
2, 321636, 342806
2, 13678, 99310
2, 296839, 240761
2, 294680, 250623
2, 111220, 137792
2, 328382, 360025
2, 316324, 305588
2, 353657, 365639
2, 294808, 202507
2, 233412, 236099
2, 183645, 141861
2, 486306, 450243
2, 169693, 185047
2, 346598, 300042
2, 378281, 391350
2, 26974, 2860
2, 475291, 453987
2, 291530, 254163
2, 273725, 255775
2, 17499, 69135
2, 301416, 364955
2, 364101, 341520
2, 481205, 425413
2, 192549, 179487
2, 444173, 459963
2, 90113, 73851
2, 332818, 389556
2, 184959, 138855
2, 147955, 142049
2, 260743, 247102
2, 444539, 470963
2, 325981, 387583
2, 63257, 37074
2, 287501, 289489
2, 373860, 327750
2, 147358, 136730
2, 289541, 227652
2, 82842, 80798
2, 86472, 94083
2, 21478, 4633
2, 422516, 445578
2, 219637, 268612
2, 432915, 421067
2, 158616, 150400
2, 287567, 229948
2, 428428, 483734
2, 268257, 292713
2, 31313, 95139
2, 233468, 220133
2, 426177, 463583
2, 316220, 300807
2, 13920, 47676
2, 199662, 158247
2, 263344, 208068
2, 102053, 180492
2, 18370, 70139
2, 176153, 116009
2, 384091, 309158
2, 120530, 153266
2, 9626, 7898
2, 316838, 343874
2, 238647, 272258
2, 172432, 181093
2, 29422, 99500
2, 332959, 339966
2, 296112, 284855
2, 290182, 229942
2, 28670, 39601
2, 371496, 327374
2, 347384, 350659
2, 147990, 119998
2, 48351, 41801
2, 482634, 408109
2, 240943, 285609
2, 356063, 339312
2, 182005, 161602
2, 313100, 388333
2, 377419, 384691
2, 36355, 19701
2, 179661, 140207
2, 318305, 332992
2, 392390, 358096
2, 195426, 199979
2, 499225, 467575
2, 476055, 453955
2, 328295, 377594
2, 197825, 153209
2, 91237, 75142
2, 327475, 360230
2, 77577, 9430
2, 331179, 392938
2, 396759, 393156
2, 201143, 226808
2, 125577, 179896
2, 242194, 291369
2, 53988, 54528
2, 487740, 461518
2, 309676, 314339
2, 143825, 192220
2, 8301, 97993
2, 215425, 260530
2, 210958, 273738
2, 481905, 496954
2, 303386, 363033
2, 226976, 212392
2, 467462, 409846
2, 439942, 408615
2, 191694, 183053
2, 360921, 314365
2, 446549, 496515
2, 421908, 402159
2, 376072, 342836
2, 92525, 45449
2, 306093, 353001
2, 233268, 287392
2, 236794, 228707
2, 29258, 70788
2, 326943, 368404
2, 338221, 314144
2, 268931, 229284
2, 299229, 287014
2, 294878, 223344
2, 60608, 41870
2, 466121, 459689
2, 240649, 261975
2, 24720, 27365
2, 113060, 103958
2, 350257, 336096
2, 133970, 151093
2, 474420, 439322
2, 27114, 22860
2, 220895, 202052
2, 477589, 491332
2, 322862, 331832
2, 447614, 405002
2, 102793, 198061
2, 199736, 119089
2, 18318, 34926
2, 395530, 308230
2, 48310, 21124
2, 360505, 322592
2, 131838, 198700
2, 288536, 281163
2, 447413, 401495
2, 294534, 257716
2, 255723, 245870
2, 354580, 367224
2, 206009, 209958
2, 415336, 410717
2, 174444, 131416
2, 395628, 395479
2, 487825, 421592
2, 483804, 413948
2, 388367, 315128
2, 49173, 77972
2, 431716, 477100
2, 459360, 407763
2, 471042, 492683
2, 243307, 285054
2, 325258, 378703
2, 307878, 366409
2, 357405, 388351
2, 323923, 388442
2, 338695, 350599
2, 20840, 1497
2, 433420, 455730
2, 186816, 192835
2, 62913, 66761
2, 421271, 459642
2, 192379, 167766
2, 171249, 185215
2, 254114, 207757
2, 348049, 382986
2, 142940, 110961
2, 395987, 332604
2, 63080, 95676
2, 19727, 13749
2, 261395, 204549
2, 25672, 4073
2, 128231, 192034
2, 229976, 202050
2, 107202, 107368
2, 311971, 349295
2, 389985, 321382
2, 80117, 95678
2, 388622, 378033
2, 308814, 364687
2, 271005, 212083
2, 90465, 76064
2, 22033, 30608
2, 426378, 422197
2, 113892, 159954
2, 498812, 441916
2, 217497, 217527
2, 388530, 362426
2, 279097, 293174
2, 87581, 89380
2, 436606, 465403
2, 488732, 487705
2, 274903, 207826
2, 1057, 92505
2, 284258, 297585
2, 56285, 98536
2, 132357, 135307
2, 158084, 186608
2, 36609, 2839
2, 52360, 73879
2, 471893, 419973
2, 119275, 151583
2, 196601, 188208
2, 27155, 88805
2, 235099, 217725
2, 403867, 472168
2, 307796, 321930
2, 446805, 417215
2, 159209, 177715
2, 70570, 99774
2, 194385, 147136
2, 34319, 91890
2, 342632, 390081
2, 149935, 174643
2, 98609, 89463
2, 409126, 408560
2, 25873, 64971
2, 422520, 478243
2, 222366, 260390
2, 33418, 67328
2, 425418, 493012
2, 454936, 495481
2, 343862, 341015
2, 56534, 2047
2, 83165, 47980
2, 485178, 443232
2, 90902, 4324
2, 242804, 201332
2, 480788, 466017
2, 316407, 391013
2, 58659, 67680
2, 119356, 130095
2, 32591, 97944
2, 238079, 243752
2, 497906, 408691
2, 459481, 434338
2, 433510, 411289
2, 189591, 111874
2, 368503, 398881
2, 362952, 304120
2, 248059, 277474
2, 111008, 121041
2, 174956, 189768
2, 184637, 160467
2, 349208, 304377
2, 104367, 100159
2, 317976, 395972
2, 335875, 368355
2, 155302, 197729
2, 190046, 163697
2, 40735, 87120
2, 202463, 250433
2, 131630, 136423
2, 421501, 415629
2, 278122, 230090
2, 331282, 300649
2, 85449, 69913
2, 336774, 335683
2, 336140, 333843
2, 490745, 452247
2, 35458, 57940
2, 83692, 70877
2, 165140, 139314
2, 228723, 217977
2, 30700, 91769
2, 280880, 240674
2, 31505, 92212
2, 282750, 210451
2, 312927, 331515
2, 98159, 4004
2, 225791, 298609
2, 409726, 479569
2, 215725, 274967
2, 384283, 323242
2, 10513, 46222
2, 468506, 497669
2, 283201, 279840
2, 238404, 272729
2, 164056, 135451
2, 374596, 376513
2, 296568, 213813
2, 328530, 365884
2, 164305, 185944
2, 449301, 456879
2, 440312, 401458
2, 429137, 471347
2, 277003, 203736
2, 453555, 413580
2, 185741, 137119
2, 300073, 321560
2, 122294, 190530
2, 302448, 332228
2, 143268, 116425
2, 49482, 48364
2, 499176, 471215
2, 235376, 223880
2, 205343, 277227
2, 388608, 342498
2, 382378, 397685
2, 323814, 395947
2, 100312, 171335
2, 225160, 209059
2, 362336, 374687
2, 212891, 265051
2, 336753, 331095
2, 346687, 301023
2, 314070, 331734
2, 194476, 134396
2, 99640, 62074
2, 281810, 239379
2, 198950, 200000
2, 32430, 5022
2, 77593, 16461
2, 61143, 24566
2, 106823, 155747
2, 486609, 436287
2, 204701, 287448
2, 127032, 122623
2, 352688, 314438
2, 366238, 358716
2, 370719, 317442
2, 230087, 202929
2, 295978, 298580
2, 352702, 337553
2, 44813, 94754
2, 176850, 177767
2, 299861, 238237
2, 267256, 281265
2, 213372, 247186
2, 191956, 168251
2, 271377, 284474
2, 315766, 349728
2, 224677, 205569
2, 41029, 33329
2, 383790, 304813
2, 443972, 434477
2, 489789, 456741
2, 288943, 238434
2, 487566, 488739
2, 461718, 444075
2, 490161, 497708
2, 238014, 266211
2, 311958, 332055
2, 455205, 441519
2, 44703, 57677
2, 438931, 480052
2, 79989, 756
2, 375157, 341093
2, 420176, 487487
2, 192821, 166789
2, 397452, 317366
2, 385814, 395564
2, 86162, 30821
2, 205892, 202147
2, 142844, 131629
2, 475781, 447505
2, 298674, 269412
2, 201226, 293537
2, 197613, 173791
2, 42670, 91336
2, 132375, 127571
2, 307888, 389923
2, 254651, 289609
2, 422960, 484741
2, 227387, 287117
2, 107403, 119460
2, 293884, 237953
2, 328989, 349561
2, 382596, 333030
2, 124657, 104008
2, 261485, 214874
2, 449820, 461704
2, 331039, 358328
2, 437707, 486876
2, 24092, 52293
2, 469132, 456552
2, 334012, 353560
2, 384616, 368234
2, 64751, 5616
2, 112711, 115029
2, 492549, 454473
2, 179628, 148986
2, 156562, 131630
2, 200353, 221393
2, 89753, 95756
2, 276867, 275714
2, 496510, 409171
2, 240619, 268280
2, 366951, 348147
2, 23286, 28943
2, 478085, 458521
2, 486264, 428671
2, 323012, 327505
2, 97016, 63852
2, 354779, 383332
2, 314778, 377197
2, 83949, 40335
2, 224893, 219504
2, 346175, 317726
2, 269258, 241139
2, 258969, 252157
2, 493319, 489604
2, 237800, 277727
2, 280194, 284614
2, 69047, 35426
2, 159326, 186931
2, 150283, 166541
2, 102728, 108508
2, 378086, 319186
2, 335484, 318443
2, 494026, 428891
2, 217418, 271428
2, 254162, 261052
2, 247202, 224145
2, 465079, 444913
2, 268704, 213118
2, 36554, 65372
2, 427114, 424578
2, 125510, 195912
2, 35795, 66010
2, 242239, 270899
2, 443417, 416355
2, 230641, 228080
2, 210583, 206381
2, 228344, 263568
2, 412976, 492459
2, 443429, 486959
2, 239383, 258542
2, 336976, 366379
2, 119519, 157703
2, 459531, 440232
2, 389038, 325392
2, 456402, 469678
2, 188887, 189580
2, 329010, 354390
2, 476461, 462201
2, 197644, 180880
2, 11066, 9915
2, 366137, 338803
2, 383613, 377088
2, 497232, 452288
2, 349169, 303501
2, 343384, 360601
2, 58210, 92484
2, 11112, 20410
2, 391930, 332446
2, 6735, 23459
2, 228154, 280680
2, 220728, 296792
2, 434459, 415670
2, 19943, 67921
2, 440769, 496139
2, 401262, 443528
2, 492151, 474515
2, 79845, 68870
2, 247218, 240708
2, 96005, 1877
2, 449148, 417875
2, 182766, 138256
2, 484587, 415643
2, 306040, 385989
2, 80694, 43071
2, 377556, 302595
2, 56877, 51523
2, 294690, 257246
2, 237507, 221842
2, 102399, 104930
2, 381983, 356693
2, 318163, 385733
2, 494244, 421320
2, 12248, 96123
2, 219310, 272807
2, 44301, 71077
2, 159468, 123394
2, 220592, 247245
2, 463347, 487530
2, 107486, 164488
2, 110008, 124405
2, 114701, 136520
2, 323409, 398882
2, 39255, 59173
2, 120603, 116243
2, 452373, 414417
2, 225177, 218143
2, 216297, 227925
2, 196501, 157298
2, 139892, 194529
2, 445419, 427992
2, 377632, 361700
2, 422655, 427674
2, 473097, 462505
2, 400347, 469960
2, 47064, 21280
2, 154213, 153451
2, 40813, 2291
2, 119341, 164225
2, 153661, 137873
2, 400816, 438283
2, 220388, 241735
2, 358142, 376526
2, 376863, 386277
2, 160895, 121326
2, 408733, 448617
2, 118336, 138566
2, 183187, 198982
2, 193169, 157503
2, 363107, 329916
2, 277858, 204971
2, 289893, 254122
2, 23009, 64843
2, 461735, 498725
2, 140266, 132481
2, 240826, 276934
2, 210319, 288493
2, 58565, 39053
2, 346943, 324842
2, 464324, 434112
2, 480630, 444181
2, 464627, 465092
2, 432871, 470142
2, 159933, 116767
2, 392191, 327090
2, 308330, 362174
2, 426601, 446697
2, 282949, 216865
2, 384913, 353024
2, 370284, 394493
2, 77616, 50430
2, 476182, 401513
2, 279331, 213579
2, 102452, 147243
2, 88813, 93336
2, 354277, 324787
2, 5551, 86498
2, 87195, 72161
2, 391511, 343600
2, 288117, 203526
2, 106084, 186935
2, 263367, 286377
2, 46289, 37817
2, 499700, 442820
2, 173080, 141203
2, 161391, 196092
2, 346152, 359864
2, 331319, 393407
2, 345305, 333464
2, 325162, 316969
2, 100471, 175296
2, 304658, 368715
2, 116894, 106671
2, 306038, 385010
2, 164073, 143274
2, 95024, 7181
2, 147710, 156048
2, 486725, 430516
2, 250043, 243058
2, 352914, 336461
2, 416221, 432240
2, 365507, 318435
2, 219899, 200845
2, 64067, 5069
2, 104926, 103238
2, 1379, 20240
2, 318416, 384391
2, 63128, 90389
2, 365721, 307414
2, 381960, 359080
2, 499222, 456922
2, 327590, 333065
2, 210921, 281632
2, 373103, 300697
2, 397190, 379113
2, 187581, 141657
2, 395010, 396033
2, 107674, 111731
2, 402640, 453500
2, 31745, 67797
2, 210878, 224167
2, 411672, 412968
2, 261766, 224053
2, 23495, 69084
2, 260274, 265492
2, 17393, 25618
2, 79927, 85935
2, 95117, 20079
2, 162882, 174568
2, 264047, 229039
2, 17171, 84599
2, 333075, 393158
2, 372077, 397553
2, 259239, 212619
2, 336913, 368355
2, 430071, 452702
2, 120838, 181903
2, 297317, 205146
2, 10635, 74991
2, 29357, 45389
2, 205600, 240801
2, 75222, 47840
2, 9730, 40183
2, 132636, 158612
2, 258948, 243116
2, 84495, 53200
2, 216420, 274736
2, 402932, 419567
2, 276162, 233002
2, 291164, 218829
2, 232006, 275328
2, 423596, 463628
2, 166370, 191760
2, 499524, 491951
2, 263503, 286685
2, 81529, 8245
2, 353302, 376568
2, 446616, 462917
2, 253042, 244962
2, 406345, 409835
2, 455885, 456494
2, 260123, 292691
2, 7095, 15276
2, 92094, 42609
2, 361158, 399926
2, 308811, 366328
2, 7671, 30515
2, 161030, 175042
2, 81567, 67259
2, 193583, 131631
2, 108002, 122660
2, 352792, 331744
2, 361320, 357588
2, 415930, 404399
2, 234239, 207452
2, 102538, 144330
2, 46201, 44720
2, 488476, 421617
2, 425967, 475136
2, 140206, 188393
2, 276925, 296129
2, 153576, 126158
2, 492237, 449049
2, 185036, 168614
2, 88361, 99045
2, 155296, 157762
2, 172694, 136268
2, 344825, 354683
2, 410604, 403984
2, 178078, 186992
2, 48033, 39030
2, 418006, 488900
2, 480260, 402549
2, 376989, 397027
2, 78858, 57349
2, 301700, 326226
2, 99947, 62196
2, 423877, 496462
2, 131889, 161489
2, 204388, 292476
2, 105708, 105950
2, 444723, 457329
2, 461210, 401306
2, 181740, 181235
2, 118486, 101701
2, 343527, 346072
2, 411376, 422653
2, 378532, 390415
2, 391723, 362048
2, 62697, 55393
2, 398763, 349871
2, 211039, 292522
2, 137142, 122554
2, 338931, 317914
2, 436907, 478170
2, 176117, 153193
2, 283030, 299739
2, 339266, 364164
2, 478175, 485206
2, 349598, 368370
2, 375834, 309166
2, 462744, 428632
2, 414694, 483615
2, 365417, 325471
2, 403979, 430898
2, 484905, 485796
2, 262161, 221334
2, 198651, 175405
2, 305281, 314398
2, 198151, 138673
2, 269122, 242675
2, 445733, 489905
2, 203411, 299820
2, 353640, 349828
2, 161173, 143526
2, 432637, 487528
2, 433006, 434087
2, 234483, 253535
2, 297370, 241901
2, 2141, 90184
2, 38464, 31727
2, 300170, 322820
2, 328060, 353903
2, 318586, 310328
2, 410353, 419466
2, 328434, 319029
2, 334433, 339064
2, 165787, 147897
2, 113231, 137893
2, 162718, 158010
2, 447982, 499887
2, 484825, 400670
2, 158212, 157865
2, 278490, 257568
2, 45222, 97171
2, 451831, 426271
2, 73286, 66905
2, 487252, 447929
2, 453422, 405939
2, 117911, 116710
2, 38443, 26056
2, 395782, 349350
2, 475504, 466410
2, 364445, 395716
2, 102039, 188505
2, 133663, 157294
2, 373529, 333818
2, 260096, 232900
2, 351506, 365454
2, 420976, 409001
2, 242113, 280928
2, 227019, 290361
2, 126202, 134995
2, 487699, 484157
2, 87527, 34678
2, 97907, 67733
2, 285907, 279971
2, 206550, 285636
2, 490454, 425447
2, 228050, 224793
2, 276438, 212953
2, 155974, 143592
2, 12903, 31499
2, 212545, 250627
2, 357805, 308754
2, 13368, 77803
2, 235396, 270595
2, 445714, 429929
2, 110041, 163230
2, 138833, 132936
2, 209958, 260624
2, 28204, 5377
2, 222509, 279142
2, 172534, 125679
2, 278012, 276493
2, 27520, 86682
2, 64699, 57880
2, 290638, 285649
2, 357641, 392651
2, 470121, 476842
2, 76936, 27087
2, 134259, 169688
2, 352680, 343755
2, 131777, 183813
2, 23615, 27806
2, 272153, 239473
2, 391182, 347575
2, 352895, 376166
2, 302399, 374075
2, 414582, 470057
2, 344044, 329498
2, 59790, 79533
2, 332017, 337801
2, 366960, 310001
2, 19919, 46975
2, 365735, 354053
2, 3129, 23615
2, 213637, 267519
2, 355077, 301574
2, 17231, 47104
2, 179368, 149941
2, 471989, 484882
2, 78430, 23681
2, 87852, 43426
2, 274764, 207181
2, 86186, 30898
2, 246349, 289197
2, 294210, 248022
2, 357925, 339454
2, 86312, 13457
2, 406281, 460493
2, 267371, 232032
2, 415508, 497661
2, 198160, 187602
2, 308148, 390914
2, 453619, 454544
2, 161297, 193893
2, 43823, 64100
2, 329591, 324709
2, 61138, 64400
2, 185465, 127654
2, 397060, 361898
2, 234343, 241701
2, 184099, 119353
2, 344770, 376906
2, 356015, 397914
2, 197352, 177981
2, 138594, 181832
2, 395725, 389955
2, 303798, 361344
2, 291853, 272078
2, 464547, 465928
2, 143639, 100497
2, 12594, 318
2, 372345, 355642
2, 186638, 156908
2, 279659, 289488
2, 243639, 206802
2, 371525, 396385
2, 60727, 59388
2, 44919, 1023
2, 154433, 129716
2, 137117, 174580
2, 394651, 369481
2, 1529, 15308
2, 320219, 328122
2, 214697, 238104
2, 270133, 287838
2, 42165, 93404
2, 42217, 57177
2, 238597, 201174
2, 495455, 489493
2, 7718, 11126
2, 104822, 138250
2, 41037, 23806
2, 28101, 739
2, 445103, 495696
2, 39480, 49511
2, 404376, 468154
2, 21700, 87376
2, 65164, 48850
2, 436799, 426256
2, 36703, 61807
2, 144736, 167718
2, 330153, 309511
2, 171166, 182766
2, 136667, 148207
2, 442532, 426949
2, 227791, 295203
2, 433458, 475091
2, 256520, 251003
2, 232115, 217777
2, 344310, 311919
2, 49102, 76636
2, 319338, 378357
2, 308332, 327401
2, 70875, 63920
2, 29191, 36787
2, 261066, 243457
2, 72955, 69140
2, 454703, 403670
2, 295292, 224981
2, 444316, 432989
2, 422171, 405146
2, 407625, 481537
2, 190910, 188109
2, 95232, 29430
2, 100744, 156684
2, 374650, 306382
2, 423870, 408507
2, 73986, 38379
2, 442145, 428704
2, 216571, 284289
2, 150836, 118229
2, 126464, 119262
2, 498300, 426237
2, 90820, 70027
2, 171020, 175879
2, 423112, 495797
2, 380674, 396271
2, 109883, 184347
2, 247948, 258681
2, 146364, 171151
2, 183242, 122840
2, 247174, 232225
2, 411234, 415341
2, 486674, 489058
2, 446002, 465603
2, 146943, 146590
2, 193833, 137604
2, 163356, 123347
2, 234873, 260662
2, 145347, 171912
2, 411930, 460988
2, 375264, 366829
2, 456313, 425506
2, 81479, 85274
2, 328560, 378615
2, 98788, 52515
2, 479680, 473626
2, 91912, 90426
2, 127189, 139803
2, 344106, 384898
2, 152334, 174270
2, 135741, 121506
2, 239977, 228721
2, 277364, 236046
2, 490857, 449938
2, 373642, 364465
2, 320721, 391276
2, 74564, 24382
2, 472893, 411280
2, 329619, 338538
2, 307036, 359144
2, 23107, 53586
2, 30608, 29942
2, 17803, 11178
2, 436465, 429260
2, 320155, 383505
2, 177219, 123613
2, 257000, 262217
2, 106293, 112238
2, 159234, 193279
2, 405283, 452263
2, 10069, 74534
2, 427994, 411665
2, 365206, 321596
2, 9901, 97331
2, 346883, 314198
2, 207554, 215629
2, 128511, 103289
2, 147169, 141616
2, 419965, 419334
2, 207185, 250186
2, 80277, 60884
2, 154559, 167052
2, 272310, 248460
2, 164081, 111914
2, 293598, 244212
2, 201277, 224104
2, 402561, 451308
2, 238047, 231395
2, 383700, 368479
2, 221097, 241514
2, 320540, 368871
2, 351540, 303173
2, 489281, 460503
2, 244218, 232910
2, 69097, 7646
2, 41039, 68669
2, 64424, 56500
2, 364720, 309849
2, 461019, 473029
2, 228543, 279926
2, 278913, 253691
2, 150029, 141003
2, 45097, 6596
2, 454669, 455353
2, 490432, 470813
2, 491501, 485840
2, 252290, 287815
2, 416166, 409649
2, 483379, 461131
2, 251424, 219571
2, 152285, 133863
2, 123911, 175822
2, 86469, 90838
2, 76135, 86863
2, 331467, 382768
2, 272545, 287331
2, 83331, 35076
2, 108747, 181507
2, 52747, 69233
2, 120140, 159853
2, 426139, 454476
2, 119449, 183714
2, 379897, 384259
2, 162154, 128818
2, 479772, 464819
2, 152026, 114532
2, 438052, 405329
2, 347377, 363748
2, 399325, 381088
2, 461584, 458044
2, 329147, 358919
2, 454363, 421793
2, 178109, 197051
2, 364875, 364838
2, 167779, 161526
2, 111209, 164984
2, 366948, 369572
2, 320875, 332444
2, 236039, 272515
2, 237969, 203369
2, 167588, 109678
2, 435215, 441062
2, 31468, 7088
2, 427465, 407273
2, 140192, 153978
2, 280314, 240108
2, 56287, 94500
2, 350989, 321312
2, 113255, 133777
2, 93574, 69192
2, 66957, 67796
2, 32460, 77521
2, 389820, 346586
2, 196897, 143260
2, 292111, 222484
2, 307568, 308053
2, 133237, 134138
2, 35397, 43101
2, 150336, 182743
2, 453162, 464324
2, 110462, 110602
2, 231412, 214730
2, 78828, 24321
2, 183420, 107761
2, 382362, 347282
2, 4434, 36062
2, 280230, 241007
2, 147393, 187665
2, 161957, 100549
2, 443963, 460765
2, 233334, 296030
2, 99639, 4568
2, 380152, 395989
2, 155331, 137070
2, 189837, 113047
2, 430990, 444831
2, 450313, 463990
2, 258573, 213157
2, 306039, 390779
2, 14473, 32933
2, 141645, 144367
2, 155172, 112955
2, 469227, 424745
2, 23793, 35409
2, 389597, 386555
2, 232822, 216572
2, 52833, 23468
2, 336538, 309105
2, 306419, 342399
2, 68080, 38588
2, 39680, 76035
2, 499982, 480834
2, 200560, 213380
2, 255411, 281383
2, 97043, 64874
2, 212791, 233292
2, 111579, 185909
2, 101076, 192404
2, 33944, 69572
2, 262953, 255273
2, 499847, 495380
2, 428370, 440053
2, 418260, 429770
2, 315372, 366178
2, 176785, 186421
2, 20241, 30093
2, 26470, 79246
2, 90599, 60565
2, 322820, 335996
2, 244212, 285887
2, 472278, 490825
2, 358248, 317143
2, 406330, 403475
2, 389048, 361598
2, 417737, 402468
2, 145617, 151378
2, 214529, 210468
2, 373164, 369126
2, 429780, 497954
2, 486526, 460522
2, 280696, 232790
2, 193357, 148390
2, 468938, 498474
2, 176434, 101026
2, 196021, 149284
2, 248031, 216567
2, 387603, 366483
2, 371392, 393301
2, 79461, 43223
2, 446470, 431534
2, 390011, 392201
2, 120501, 160963
2, 417070, 495236
2, 475523, 493130
2, 271716, 282749
2, 35139, 51563
2, 154707, 133985
2, 216715, 245226
2, 297049, 248522
2, 437866, 407023
2, 163765, 117186
2, 274626, 210718
2, 11040, 91746
2, 336800, 335736
2, 136434, 151665
2, 170293, 145239
2, 404075, 494840
2, 399391, 378135
2, 260397, 241066
2, 186966, 145246
2, 409707, 407591
2, 230606, 238661
2, 448009, 479412
2, 497553, 461886
2, 207840, 287360
2, 422665, 442471
2, 414419, 413469
2, 206668, 227326
2, 252625, 264178
2, 106443, 149553
2, 409627, 478061
2, 230396, 248751
2, 262069, 276626
2, 369882, 321413
2, 425982, 450283
2, 198883, 130910
2, 490059, 430666
2, 38610, 81559
2, 124195, 140526
2, 256550, 278119
2, 309324, 322879
2, 402890, 479825
2, 492032, 470074
2, 289356, 284517
2, 425402, 415963
2, 84067, 12974
2, 373752, 313372
2, 325009, 327850
2, 479093, 413210
2, 151728, 111525
2, 409379, 477279
2, 121513, 175399
2, 267690, 287601
2, 77440, 58788
2, 367018, 331021
2, 421713, 467272
2, 212424, 220185
2, 83847, 97174
2, 176237, 187362
2, 104527, 155168
2, 666, 30533
2, 49698, 56166
2, 51531, 42341
2, 121596, 160440
2, 262163, 205147
2, 215665, 206977
2, 9276, 78885
2, 47798, 70459
2, 291174, 289133
2, 168619, 151666
2, 479440, 469133
2, 494376, 401832
2, 129249, 133437
2, 430686, 446601
2, 119418, 186098
2, 467770, 484439
2, 441831, 458391
2, 131740, 156890
2, 96425, 19712
2, 75738, 4382
2, 275358, 292248
2, 31872, 79097
2, 239161, 232562
2, 249863, 207550
2, 217331, 213065
2, 455021, 465937
2, 386228, 372349
2, 12617, 16357
2, 94696, 35111
2, 328338, 378403
2, 75145, 14435
2, 400353, 432546
2, 279263, 278435
2, 74381, 28730
2, 295012, 276459
2, 383192, 354983
2, 282431, 287777
2, 180779, 174475
2, 98987, 76266
2, 109078, 123542
2, 450659, 418175
2, 479882, 465803
2, 415098, 481757
2, 404081, 459599
2, 456547, 432820
2, 467035, 493065
2, 353653, 370742
2, 480256, 485104
2, 236027, 296434
2, 299750, 244459
2, 65547, 48144
2, 222155, 276780
2, 355608, 337961
2, 469259, 482278
2, 497450, 422241
2, 51520, 81671
2, 229601, 253289
2, 394690, 385109
2, 487262, 449867
2, 494724, 495790
2, 229155, 296291
2, 275584, 288443
2, 196484, 106799
2, 140772, 142453
2, 130997, 180236
2, 137879, 136341
2, 435628, 415742
2, 26151, 3144
2, 234603, 250239
2, 365848, 319319
2, 210124, 242604
2, 301058, 393300
2, 368023, 371582
2, 72887, 15080
2, 315520, 390659
2, 349511, 310478
2, 145466, 198581
2, 81931, 52440
2, 153502, 182129
2, 47770, 37761
2, 352777, 396283
2, 285488, 208093
2, 370038, 300511
2, 427714, 471926
2, 201435, 259669
2, 183627, 141390
2, 187464, 189312
2, 393400, 379069
2, 288080, 207448
2, 119913, 164952
2, 108702, 148737
2, 466686, 414297
2, 306364, 385674
2, 430564, 490652
2, 413833, 419427
2, 38191, 69608
2, 43377, 25510
2, 63971, 15563
2, 281400, 269730
2, 426030, 434161
2, 271595, 239706
2, 359164, 374648
2, 254836, 284048
2, 38622, 36070
2, 299158, 283406
2, 341976, 322620
2, 143511, 122467
2, 469870, 493145
2, 365914, 363427
2, 374355, 325256
2, 395243, 341095
2, 403342, 461309
2, 16615, 79093
2, 4063, 83524
2, 259904, 220625
2, 20578, 91442
2, 476636, 401055
2, 39876, 83685
2, 309510, 377745
2, 448049, 486578
2, 34259, 49817
2, 36165, 7468
2, 366665, 303972
2, 475130, 425402
2, 472488, 424704
2, 235490, 251770
2, 434219, 456355
2, 457316, 454225
2, 454278, 489042
2, 48053, 15824
2, 418588, 475770
2, 397232, 396052
2, 126323, 140340
2, 341051, 390819
2, 316245, 354137
2, 35534, 79971
2, 498418, 482642
2, 420976, 435101
2, 393875, 335200
2, 293672, 273445
2, 130839, 182786
2, 299799, 218192
2, 311951, 301531
2, 392318, 340247
2, 190217, 130245
2, 409269, 413780
2, 90746, 56970
2, 452591, 413171
2, 342064, 324107
2, 275769, 250337
2, 299159, 251579
2, 128816, 188475
2, 337054, 376913
2, 113594, 115430
2, 121074, 188534
2, 81565, 91814
2, 148826, 112201
2, 403005, 400264
2, 329246, 370579
2, 139528, 149794
2, 456553, 445527
2, 465553, 408792
2, 163051, 181900
2, 219410, 266344
2, 104182, 107955
2, 58904, 3244
2, 202276, 213707
2, 432149, 403262
2, 338913, 306127
2, 382116, 343742
2, 207207, 212960
2, 177339, 190405
2, 346756, 374070
2, 174747, 101186
2, 96702, 56401
2, 448303, 409636
2, 107521, 124975
2, 482744, 409921
2, 219003, 245198
2, 398702, 363981
2, 242792, 205565
2, 334031, 341715
2, 345681, 307007
2, 397561, 373100
2, 330245, 371076
2, 468045, 495195
2, 200270, 279772
2, 297065, 298511
2, 345544, 310442
2, 293561, 273115
2, 276757, 214520
2, 120256, 108592
2, 485996, 443479
2, 30107, 73975
2, 443929, 413467
2, 227127, 264222
2, 478665, 496410
2, 13432, 32390
2, 222325, 224971
2, 420473, 433930
2, 495318, 462729
2, 336502, 346227
2, 478823, 476037
2, 85899, 46382
2, 288087, 285028
2, 346050, 308594
2, 231051, 233518
2, 323910, 383832
2, 26533, 73462
2, 449451, 491615
2, 114869, 110688
2, 105026, 134101
2, 416507, 461433
2, 189130, 185874
2, 485991, 418499
2, 409808, 433497
2, 314173, 384374
2, 369280, 336765
2, 235056, 201498
2, 284709, 266411
2, 172004, 176517
2, 295900, 232262
2, 473542, 445494
2, 319246, 332815
2, 216261, 269526
2, 179800, 140737
2, 257691, 212490
2, 88260, 9740
2, 471552, 464749
2, 30622, 63429
2, 422940, 421596
2, 108380, 123004
2, 294565, 288771
2, 369196, 389488
2, 364392, 335701
2, 303547, 356115
2, 135234, 109102
2, 117968, 144438
2, 488172, 449941
2, 106821, 109191
2, 263752, 274367
2, 121074, 138690
2, 2044, 32998
2, 465744, 425758
2, 142907, 123140
2, 367181, 335568
2, 342988, 366410
2, 484441, 410806
2, 67289, 31818
2, 467289, 445633
2, 464141, 426931
2, 324402, 346798
2, 16355, 17280
2, 465032, 454174
2, 36996, 15440
2, 223543, 251410
2, 475495, 444890
2, 233290, 224778
2, 270853, 280895
2, 429308, 406469
2, 383407, 392432
2, 314095, 372511
2, 226221, 263907
2, 348484, 339080
2, 94467, 18274
2, 273961, 267881
2, 60574, 51826
2, 22799, 94632
2, 240249, 260698
2, 122091, 149919
2, 444916, 436010
2, 490673, 424068
2, 464638, 434990
2, 131153, 108062
2, 149765, 148610
2, 99579, 43356
2, 179741, 107169
2, 147965, 172129
2, 439414, 455225
2, 408952, 446134
2, 20077, 57732
2, 474715, 435516
2, 116313, 173645
2, 14647, 65386
2, 289016, 220382
2, 46978, 99767
2, 90403, 66602
2, 61599, 62543
2, 382503, 357509
2, 223063, 221030
2, 225770, 210940
2, 463907, 402013
2, 394185, 306119
2, 199535, 183621
2, 310877, 351843
2, 206163, 203874
2, 199395, 177130
2, 469776, 436818
2, 167900, 198721
2, 174188, 183937
2, 223538, 252171
2, 412213, 422211
2, 401239, 489074
2, 218669, 293732
2, 72060, 38246
2, 469196, 443399
2, 220579, 280985
2, 334984, 336195
2, 458101, 489171
2, 58174, 21530
2, 325272, 374931
2, 289361, 262606
2, 136942, 146026
2, 334666, 307456
2, 464007, 461259
2, 316565, 363509
2, 117177, 108899
2, 462893, 477572
2, 140951, 125929
2, 353737, 367160
2, 73816, 60956
2, 196674, 189129
2, 127807, 101286
2, 172030, 186441
2, 230500, 200086
2, 320321, 355725
2, 330590, 339392
2, 408590, 463453
2, 2009, 44926
2, 39047, 31
2, 275831, 201094
2, 189269, 129490
2, 396255, 392357
2, 124115, 130102
2, 143145, 144017
2, 210943, 254459
2, 465365, 407084
2, 102760, 166513
2, 74187, 10799
2, 329498, 399080
2, 413399, 469664
2, 412179, 426350
2, 62534, 85725
2, 284743, 254002
2, 264239, 232542
2, 413834, 436995
2, 153611, 177488
2, 69458, 39874
2, 105080, 141235
2, 76174, 70905
2, 306772, 323664
2, 166331, 151841
2, 115694, 110882
2, 297007, 278951
2, 255703, 296737
2, 362256, 372348
2, 402994, 486434
2, 495371, 449547
2, 256805, 225023
2, 83865, 53326
2, 362042, 306115
2, 476498, 459460
2, 217474, 245509
2, 204175, 262768
2, 148342, 123308
2, 270984, 280907
2, 445694, 442666
2, 148298, 145117
2, 446493, 464772
2, 316743, 347025
2, 259729, 271593
2, 132405, 138046
2, 73719, 60556
2, 80513, 99122
2, 356115, 349626
2, 351840, 334389
2, 366148, 365093
2, 411807, 498647
2, 207162, 288706
2, 234161, 236614
2, 76138, 49074
2, 188137, 107339
2, 204014, 294307
2, 113400, 164640
2, 323389, 331772
2, 277826, 201556
2, 349543, 346321
2, 68381, 60010
2, 410376, 467854
2, 260878, 210162
2, 128007, 176291
2, 246552, 264617
2, 313016, 317884
2, 61651, 57013
2, 260946, 296578
2, 443645, 415374
2, 227657, 245861
2, 305625, 384247
2, 184938, 199873
2, 225233, 235358
2, 313064, 378161
2, 322415, 333625
2, 394952, 301960
2, 181566, 132345
2, 303976, 348793
2, 71275, 78746
2, 376725, 334478
2, 425214, 481773
2, 377633, 314626
2, 79342, 34930
2, 233480, 258851
2, 455095, 464276
2, 133667, 171557
2, 16673, 57581
2, 181049, 167175
2, 327331, 303720
2, 450874, 406765
2, 261855, 271012
2, 72866, 83162
2, 249226, 202407
2, 478970, 443966
2, 255089, 276407
2, 170582, 195856
2, 440623, 420450
2, 220489, 269262
2, 142000, 197190
2, 52154, 68513
2, 131139, 152065
2, 284748, 263282
2, 369258, 367085
2, 291809, 204954
2, 226650, 239409
2, 213099, 294936
2, 320131, 300094
2, 21252, 59635
2, 425304, 426958
2, 256511, 211660
2, 53719, 35577
2, 195391, 161086
2, 456551, 491788
2, 430779, 466778
2, 87417, 75271
2, 361640, 398392
2, 317415, 316384
2, 485207, 476558
2, 119835, 178548
2, 130953, 172031
2, 493378, 468172
2, 267704, 279547
2, 70635, 7980
2, 470621, 489984
2, 284411, 206280
2, 103515, 138326
2, 114262, 157037
2, 377127, 390859
2, 212450, 237068
2, 51873, 38685
2, 39755, 6859
2, 14351, 70598
2, 161190, 198843
2, 394261, 350233
2, 356158, 301986
2, 347639, 319802
2, 268167, 226475
2, 452121, 431133
2, 195303, 185620
2, 274522, 204685
2, 262119, 203120
2, 8304, 92842
2, 63943, 30531
2, 295397, 277453
2, 207741, 221639
2, 194437, 131857
2, 54310, 66761
2, 283886, 237989
2, 424742, 424830
2, 67225, 12787
2, 351451, 320436
2, 469362, 438096
2, 285975, 287041
2, 493771, 415784
2, 245961, 297822
2, 250315, 204647
2, 360754, 329280
2, 109024, 177242
2, 9090, 84649
2, 74575, 65464
2, 124853, 160573
2, 166962, 142797
2, 134698, 114264
2, 146276, 126260
2, 348778, 380914
2, 156438, 172509
2, 15834, 53929
2, 237984, 257637
2, 467678, 416736
2, 281895, 203587
2, 251712, 297040
2, 135646, 197434
2, 40048, 30323
2, 224751, 266614
2, 169119, 122861
2, 10363, 25216
2, 386757, 333393
2, 223731, 267914
2, 207096, 240334
2, 86287, 95726
2, 168215, 155779
2, 71774, 81687
2, 179908, 174208
2, 135880, 137053
2, 119783, 194171
2, 466471, 472856
2, 8508, 46959
2, 357121, 327667
2, 136406, 182339
2, 224573, 203726
2, 321240, 385406
2, 496928, 482170
2, 248363, 208519
2, 316274, 318305
2, 5200, 12353
2, 344366, 344049
2, 426481, 473945
2, 42564, 46562
2, 220098, 205751
2, 231728, 282333
2, 93089, 57604
2, 143431, 161711
2, 465488, 460100
2, 11267, 81854
2, 339255, 363627
2, 73583, 91732
2, 46532, 48299
2, 272437, 245754
2, 33539, 23744
2, 271930, 289546
2, 33875, 37833
2, 323423, 354583
2, 287198, 260865
2, 284218, 240158
2, 320731, 384973
2, 415583, 454026
2, 269847, 215853
2, 253185, 212785
2, 293578, 255380
2, 92307, 16935
2, 177352, 197318
2, 200166, 245143
2, 276701, 261121
2, 267952, 215477
2, 480970, 434303
2, 361973, 327774
2, 428993, 492283
2, 241793, 200575
2, 296641, 246949
2, 204147, 237228
2, 467673, 487679
2, 467547, 466377
2, 455765, 469226
2, 255151, 280549
2, 419837, 445221
2, 228798, 214492
2, 65214, 4205
2, 318181, 355336
2, 388442, 343984
2, 490407, 484159
2, 436091, 402182
2, 93933, 89780
2, 37723, 72621
2, 380817, 302660
2, 468480, 438095
2, 326689, 355788
2, 183268, 156718
2, 182187, 139036
2, 53641, 524
2, 245228, 278165
2, 405783, 489279
2, 140084, 137257
2, 208142, 245148
2, 235535, 248695
2, 106677, 101606
2, 17393, 7021
2, 459540, 461816
2, 24845, 98471
2, 374818, 361240
2, 169680, 140771
2, 202366, 285769
2, 342391, 391455
2, 353700, 349014
2, 402134, 403978
2, 469470, 419303
2, 175442, 104104
2, 331497, 327816
2, 27106, 99001
2, 57836, 7084
2, 193733, 141142
2, 203525, 247537
2, 17797, 47348
2, 129297, 143064
2, 281312, 264046
2, 197717, 103920
2, 30458, 61625
2, 53472, 11550
2, 278023, 227494
2, 198466, 171992
2, 494017, 448055
2, 386018, 399629
2, 378876, 387400
2, 450853, 457285
2, 270488, 264379
2, 84044, 53849
2, 229995, 203316
2, 361507, 311264
2, 278233, 294823
2, 432431, 497608
2, 33744, 66913
2, 86517, 79501
2, 202447, 271874
2, 186251, 173593
2, 141411, 144832
2, 327719, 337680
2, 43763, 84710
2, 216640, 218095
2, 357541, 348061
2, 457946, 439455
2, 394148, 331610
2, 60226, 84828
2, 442659, 469410
2, 429672, 490081
2, 334531, 390844
2, 287465, 265962
2, 338023, 312634
2, 133571, 159141
2, 125005, 132634
2, 420386, 457284
2, 366719, 358670
2, 342522, 335646
2, 195283, 133725
2, 10502, 37698
2, 337862, 365903
2, 437337, 479259
2, 470804, 491010
2, 324580, 313521
2, 482607, 480337
2, 403084, 415011
2, 131931, 145895
2, 409309, 491297
2, 270257, 292944
2, 125312, 183694
2, 376275, 325662
2, 98764, 53961
2, 227148, 215058
2, 416549, 452736
2, 335047, 385825
2, 216639, 208150
2, 129754, 172904
2, 78099, 19007
2, 338647, 384897
2, 7174, 72882
2, 338546, 344849
2, 408776, 479765
2, 236821, 247132
2, 221607, 206256
2, 136727, 198076
2, 173579, 104544
2, 401439, 493994
2, 470635, 464372
2, 273086, 293866
2, 408912, 435412
2, 288406, 243924
2, 19832, 99007
2, 435773, 427406
2, 404472, 497043
2, 81948, 89218
2, 337693, 393785
2, 147983, 193266
2, 352180, 362084
2, 383754, 395664
2, 286627, 293624
2, 248548, 244919
2, 455461, 476464
2, 322512, 332668
2, 481765, 434446
2, 477446, 449976
2, 50115, 86522
2, 288326, 210621
2, 264863, 243408
2, 469895, 447244
2, 437400, 440157
2, 417520, 467923
2, 18556, 94625
2, 181928, 192646
2, 389224, 332064
2, 489680, 413495
2, 148430, 168733
2, 215779, 230074
2, 428048, 414837
2, 105155, 167247
2, 492095, 438370
2, 320760, 393501
2, 43591, 24656
2, 193406, 184448
2, 120158, 139930
2, 410741, 454761
2, 70885, 12387
2, 148931, 107520
2, 258104, 233732
2, 302143, 394588
2, 412382, 427415
2, 122588, 105222
2, 217605, 246401
2, 174078, 117947
2, 302570, 306117
2, 494329, 411808
2, 97916, 52699
2, 270405, 215384
2, 454053, 445427
2, 333765, 396449
2, 359363, 326544
2, 117632, 130606
2, 133710, 153355
2, 286658, 228436
2, 463398, 402557
2, 351863, 304325
2, 375917, 305047
2, 387654, 348721
2, 433252, 498470
2, 409663, 403446
2, 135222, 187320
2, 243630, 204171
2, 142944, 178307
2, 12001, 37515
2, 144932, 121956
2, 211040, 205892
2, 335419, 399621
2, 416386, 438403
2, 25828, 44797
2, 443581, 407998
2, 136059, 160678
2, 153330, 155185
2, 47055, 56175
2, 407044, 447406
2, 292455, 249967
2, 170194, 145248
2, 391762, 376195
2, 271842, 222926
2, 102514, 136004
2, 316605, 382677
2, 479854, 470975
2, 3734, 97678
2, 316561, 370283
2, 468471, 415601
2, 32983, 55103
2, 72866, 29544
2, 116299, 102842
2, 198548, 167954
2, 4219, 81421
2, 12780, 45647
2, 339211, 354847
2, 283616, 230932
2, 457985, 442396
2, 58644, 87492
2, 46965, 43241
2, 301420, 350712
2, 275883, 251108
2, 142190, 121956
2, 420786, 469109
2, 294233, 257697
2, 123001, 187639
2, 434047, 405408
2, 378634, 397780
2, 246526, 249975
2, 187627, 144256
2, 172533, 155979
2, 312173, 366328
2, 299956, 257034
2, 138370, 128668
2, 362368, 371241
2, 65005, 57789
2, 484321, 492756
2, 465315, 408721
2, 166382, 160330
2, 303403, 318837
2, 136482, 138618
2, 243993, 257196
2, 199972, 115635
2, 213420, 221389
2, 71602, 11953
2, 330614, 355543
2, 413334, 463508
2, 481224, 421084
2, 101688, 165497
2, 140469, 166743
2, 142536, 156284
2, 107519, 141419
2, 46190, 57033
2, 142751, 114309
2, 474525, 421125
2, 232649, 209662
2, 356845, 387238
2, 418792, 449571
2, 459261, 444428
2, 241415, 251393
2, 339957, 326160
2, 176661, 178271
2, 79109, 52705
2, 54331, 63310
2, 323128, 312380
2, 469436, 475301
2, 495495, 469047
2, 110896, 183867
2, 288486, 221655
2, 183464, 195710
2, 493602, 486137
2, 395095, 356834
2, 449588, 482605
2, 57431, 77637
2, 339867, 340185
2, 268143, 206121
2, 191271, 165958
2, 114593, 136392
2, 85465, 36133
2, 320832, 362192
2, 317245, 346409
2, 478967, 442844
2, 260446, 210488
2, 249348, 263706
2, 147515, 171872
2, 349733, 387514
2, 394594, 355050
2, 25890, 13203
2, 52434, 760
2, 147701, 110583
2, 166538, 197125
2, 452633, 401761
2, 266507, 275810
2, 171186, 156768
2, 198503, 194133
2, 436212, 447238
2, 415699, 400634
2, 50566, 2643
2, 145994, 169435
2, 266176, 284817
2, 256288, 235012
2, 358272, 359257
2, 25348, 68126
2, 198327, 196613
2, 197250, 132014
2, 454741, 453536
2, 164891, 199165
2, 88184, 52546
2, 320709, 366102
2, 449953, 484437
2, 106439, 119813
2, 131189, 122225
2, 231491, 253064
2, 38281, 4831
2, 63755, 21884
2, 380936, 350316
2, 64807, 25219
2, 274785, 299928
2, 83535, 40440
2, 173122, 193770
2, 291133, 261624
2, 38405, 96070
2, 472379, 498575
2, 142369, 142632
2, 28758, 92944
2, 253765, 242038
2, 307343, 339658
2, 198878, 152980
2, 440920, 413930
2, 174402, 139640
2, 218846, 275512
2, 389440, 321748
2, 440163, 427901
2, 314128, 385238
2, 490378, 455901
2, 1968, 87603
2, 159774, 170784
2, 354295, 308367
2, 225145, 273509
2, 334122, 363629
2, 301313, 379235
2, 101785, 117298
2, 117941, 106329
2, 123084, 186289
2, 270652, 202713
2, 482385, 431636
2, 476802, 444300
2, 384685, 338292
2, 123014, 153653
2, 233814, 286611
2, 219994, 254002
2, 394861, 355605
2, 403681, 496461
2, 468891, 434691
2, 186403, 184461
2, 149509, 173259
2, 229864, 218591
2, 267348, 209494
2, 54161, 73893
2, 492347, 418731
2, 380987, 303694
2, 352566, 333482
2, 211158, 250580
2, 404629, 496310
2, 472834, 491880
2, 161275, 166891
2, 237798, 270426
2, 105830, 167584
2, 40958, 30600
2, 76353, 37448
2, 447272, 411764
2, 30345, 87676
2, 334415, 338867
2, 394766, 334834
2, 415704, 471876
2, 437321, 496325
2, 333086, 399329
2, 381330, 313616
2, 193048, 112044
2, 25786, 9574
2, 227243, 288569
2, 33513, 6974
2, 50293, 71708
2, 295303, 259593
2, 92594, 88089
2, 13179, 81444
2, 140247, 103301
2, 2953, 37437
2, 372663, 333873
2, 106913, 142099
2, 81633, 70441
2, 428881, 489248
2, 105777, 144746
2, 456645, 406300
2, 38087, 40273
2, 288769, 225037
2, 240819, 294440
2, 182310, 170281
2, 321262, 350395
2, 129725, 121568
2, 464117, 416777
2, 357944, 318846
2, 387102, 323693
2, 66457, 35814
2, 411554, 449097
2, 25380, 72777
2, 287298, 256554
2, 398128, 366240
2, 73277, 13795
2, 101648, 176613
2, 191681, 117439
2, 223472, 268886
2, 34059, 86230
2, 481693, 470989
2, 434998, 437595
2, 41748, 64442
2, 83044, 2529
2, 243465, 291804
2, 279594, 226873
2, 66096, 2354
2, 343669, 393899
2, 387728, 307906
2, 255314, 273499
2, 306562, 352871
2, 85868, 81508
2, 328051, 383617
2, 66469, 95668
2, 27627, 12524
2, 61608, 54850
2, 269109, 280295
2, 334228, 380801
2, 69785, 33511
2, 356984, 302664
2, 41246, 6021
2, 321996, 312181
2, 318400, 363004
2, 209360, 216617
2, 239902, 216044
2, 438024, 450832
2, 287652, 219992
2, 370219, 384420
2, 340304, 310312
2, 265552, 249547
2, 390037, 371257
2, 333850, 364717
2, 182487, 113045
2, 293551, 258642
2, 33272, 68091
2, 351756, 351656
2, 305609, 346623
2, 263057, 253518
2, 266270, 247998
2, 81654, 44274
2, 284870, 264406
2, 400442, 404509
2, 315443, 321460
2, 89795, 32734
2, 167749, 140143
2, 48930, 55521
2, 360949, 330696
2, 397557, 385240
2, 429996, 465175
2, 175854, 120402
2, 111166, 109160
2, 249050, 230601
2, 442713, 482384
2, 182600, 181488
2, 292735, 212308
2, 396523, 350711
2, 152673, 187759
2, 66847, 41497
2, 424875, 474303
2, 432702, 408520
2, 222004, 288621
2, 53210, 91859
2, 50477, 63010
2, 218796, 282723
2, 143771, 142698
2, 441654, 480133
2, 413047, 421985
2, 421021, 420755
2, 368287, 307968
2, 89600, 95176
2, 425815, 412726
2, 398416, 307337
2, 200295, 213284
2, 25100, 53942
2, 381288, 364251
2, 178407, 127420
2, 314973, 315417
2, 145589, 116892
2, 457251, 445971
2, 491696, 422415
2, 345454, 370637
2, 402542, 478673
2, 360976, 311864
2, 90479, 36112
2, 179340, 110165
2, 236870, 220291
2, 125244, 104448
2, 490920, 425912
2, 464721, 430661
2, 30425, 33769
2, 120328, 129866
2, 239913, 276339
2, 276546, 277992
2, 280370, 228346
2, 97179, 41574
2, 32980, 30909
2, 314733, 373887
2, 128606, 117913
2, 437205, 412864
2, 477899, 453734
2, 10896, 62197
2, 149162, 120811
2, 43521, 18573
2, 51413, 71156
2, 217527, 298335
2, 453340, 498119
2, 77413, 97199
2, 83470, 82884
2, 152993, 179506
2, 64464, 95721
2, 83865, 5347
2, 338347, 395980
2, 377728, 381598
2, 295658, 222467
2, 70290, 65739
2, 50763, 25824
2, 259323, 244967
2, 33625, 93776
2, 402682, 408855
2, 294234, 245358
2, 139025, 198818
2, 389900, 332901
2, 435230, 409069
2, 420832, 496040
2, 361276, 301293
2, 91021, 32390
2, 3235, 8631
2, 322568, 375774
2, 86608, 98344
2, 400090, 491250
2, 87349, 70252
2, 129610, 181221
2, 219710, 224785
2, 336419, 316283
2, 494045, 467192
2, 115770, 180951
2, 300249, 355676
2, 293726, 201175
2, 235758, 246373
2, 130539, 132248
2, 89396, 21392
2, 207719, 224844
2, 404636, 452140
2, 42972, 19890
2, 428965, 464413
2, 278421, 235947
2, 188970, 159221
2, 104355, 194973
2, 13514, 42746
2, 63798, 74044
2, 318718, 392714
2, 62263, 32223
2, 359782, 390780
2, 362123, 367344
2, 210771, 265723
2, 346936, 389964
2, 147240, 111633
2, 253374, 274745
2, 211050, 227627
2, 300826, 317994
2, 378281, 323003
2, 293632, 210707
2, 270429, 286745
2, 463, 91859
2, 73743, 17928
2, 369504, 338972
2, 494065, 433769
2, 446515, 415031
2, 62162, 86991
2, 219719, 242055
2, 431719, 483185
2, 347954, 324924
2, 179770, 167270
2, 267439, 278441
2, 420048, 416992
2, 216821, 251141
2, 155138, 127679
2, 385442, 355501
2, 380634, 330442
2, 316170, 302413
2, 474909, 448834
2, 48496, 99690
2, 107755, 135151
2, 232593, 240078
2, 13716, 11268
2, 37289, 38703
2, 227593, 226858
2, 2052, 53026
2, 103273, 117958
2, 188154, 198040
2, 26739, 90965
2, 480511, 454213
2, 495739, 464169
2, 8547, 32032
2, 131439, 149530
2, 59309, 64724
2, 167782, 124366
2, 55509, 34130
2, 335456, 396982
2, 50868, 15990
2, 215333, 237899
2, 134537, 192061
2, 215380, 246247
2, 54711, 11094
2, 40375, 90728
2, 161820, 181091
2, 57015, 5845
2, 344458, 341065
2, 459323, 461656
2, 326727, 396302
2, 435848, 434749
2, 326644, 346834
2, 46105, 81267
2, 408284, 455456
2, 311045, 352121
2, 457149, 407679
2, 289982, 221489
2, 251964, 296901
2, 211525, 288268
2, 214584, 282383
2, 419875, 471553
2, 424564, 481383
2, 69698, 22378
2, 355690, 320595
2, 194635, 109481
2, 228694, 285181
2, 237136, 202948
2, 112441, 108462
2, 496199, 415863
2, 113781, 145985
2, 272623, 299634
2, 321840, 353594
2, 387928, 332068
2, 211385, 219324
2, 398265, 324378
2, 199855, 199176
2, 473391, 469194
2, 153601, 177856
2, 113687, 195870
2, 269745, 237410
2, 157108, 114491
2, 477271, 450066
2, 259926, 297827
2, 254902, 253329
2, 134913, 110625
2, 113997, 132001
2, 86097, 19132
2, 392111, 332694
2, 2121, 5396
2, 342966, 391191
2, 36811, 60374
2, 430408, 498167
2, 122235, 102423
2, 107521, 100426
2, 368220, 360061
2, 183633, 119704
2, 485885, 402028
2, 366895, 383823
2, 5285, 36747
2, 90533, 47075
2, 373942, 357911
2, 107636, 177996
2, 122145, 181810
2, 14588, 44805
2, 336780, 324911
2, 356523, 311113
2, 73913, 73408
2, 246157, 264598
2, 346567, 381311
2, 276210, 288962
2, 437556, 412016
2, 220092, 226197
2, 25136, 61532
2, 22758, 9051
2, 379081, 330832
2, 403362, 461165
2, 277945, 268768
2, 200536, 222096
2, 366611, 373869
2, 174459, 155256
2, 144953, 186212
2, 476781, 480968
2, 313951, 316891
2, 268265, 222909
2, 102899, 171290
2, 336340, 395781
2, 488260, 489442
2, 163302, 132921
2, 258836, 206729
2, 311201, 359034
2, 403024, 421731
2, 315495, 361496
2, 30872, 19906
2, 253991, 260441
2, 167515, 175528
2, 247596, 270909
2, 114888, 151392
2, 429459, 435655
2, 57498, 92235
2, 56262, 13317
2, 320033, 383293
2, 125796, 141871
2, 476817, 446109
2, 49184, 60836
2, 167060, 164272
2, 216392, 279503
2, 152005, 134904
2, 460334, 421899
2, 112229, 154084
2, 442064, 427763
2, 149357, 182047
2, 457780, 478695
2, 255281, 262674
2, 72404, 38780
2, 36677, 59217
2, 15822, 35686
2, 158065, 100416
2, 187394, 120540
2, 326495, 354829
2, 335934, 330648
2, 363830, 302641
2, 263904, 208065
2, 459958, 440288
2, 232434, 245104
2, 347055, 330732
2, 125058, 118090
2, 79967, 4618
2, 17684, 19077
2, 399150, 371402
2, 249509, 209211
2, 142910, 185520
2, 425004, 463929
2, 141987, 111735
2, 342731, 355241
2, 181394, 171035
2, 103505, 129141
2, 15459, 71435
2, 424528, 433906
2, 183438, 145678
2, 256878, 229519
2, 3977, 14689
2, 228554, 274892
2, 262405, 246694
2, 249167, 283753
2, 293078, 262837
2, 452543, 478552
2, 331777, 320106
2, 255403, 281174
2, 249176, 238267
2, 199038, 128850
2, 36528, 40819
2, 443852, 419003
2, 230564, 239291
2, 311328, 385544
2, 266715, 262421
2, 368699, 398672
2, 377761, 356169
2, 242424, 230757
2, 373332, 364332
2, 470664, 404674
2, 356675, 327490
2, 430550, 451720
2, 497130, 451042
2, 445013, 435478
2, 126128, 198113
2, 60890, 65685
2, 93564, 32062
2, 270851, 256651
2, 202114, 291456
2, 267092, 258343
2, 245064, 254599
2, 236116, 231996
2, 309033, 362731
2, 1850, 4224
2, 80415, 69974
2, 7264, 78081
2, 461068, 462879
2, 420961, 477887
2, 335351, 364827
2, 364981, 306257
2, 113420, 186656
2, 309693, 343597
2, 470332, 463399
2, 364198, 300645
2, 394917, 300697
2, 286357, 256916
2, 486339, 465719
2, 358037, 353724
2, 133873, 138061
2, 314142, 357452
2, 474971, 457120
2, 202171, 234358
2, 469450, 452987
2, 432952, 429458
2, 137474, 188279
2, 85780, 86559
2, 483500, 407855
2, 195462, 190071
2, 437298, 449592
2, 272777, 218922
2, 476821, 441700
2, 397735, 300306
2, 180151, 188471
2, 178710, 138391
2, 90474, 82998
2, 291187, 298740
2, 135742, 187364
2, 341403, 373811
2, 373718, 345476
2, 433584, 456406
2, 104618, 129720
2, 418015, 435194
2, 315889, 310788
2, 9139, 99728
2, 350949, 381757
2, 217246, 288442
2, 428859, 435295
2, 300115, 361608
2, 403985, 437306
2, 426420, 420855
2, 137539, 104364
2, 298791, 255300
2, 169115, 188028
2, 48738, 49927
2, 17704, 88713
2, 343712, 304510
2, 129771, 129761
2, 89662, 92825
2, 481371, 492981
2, 147586, 199795
2, 131801, 166367
2, 386200, 335414
2, 331039, 352714
2, 107709, 146200
2, 464575, 425554
2, 424424, 440068
2, 498702, 454390
2, 310121, 327658
2, 142022, 172611
2, 70003, 419
2, 150169, 135769
2, 215871, 235584
2, 5216, 27412
2, 405725, 405045
2, 205355, 213658
2, 55539, 48446
2, 62322, 70729
2, 231401, 284223
2, 293291, 226274
2, 328014, 356680
2, 252971, 266898
2, 442988, 466470
2, 415003, 408251
2, 327016, 362065
2, 66965, 85427
2, 309041, 345655
2, 352449, 335618
2, 242947, 287599
2, 134823, 144597
2, 148646, 143079
2, 276642, 252967
2, 16707, 26829
2, 36468, 71494
2, 292580, 239636
2, 237381, 232871
2, 477034, 419420
2, 486179, 410155
2, 429724, 447590
2, 361531, 302176
2, 436561, 488487
2, 168284, 164104
2, 281950, 229301
2, 325753, 329714
2, 68290, 99905
2, 186875, 189445
2, 123619, 154120
2, 224287, 273237
2, 374865, 320700
2, 135780, 144768
2, 151963, 175766
2, 346808, 395094
2, 148602, 151961
2, 448308, 472786
2, 263474, 279885
2, 66558, 56332
2, 268276, 255191
2, 218383, 215962
2, 204444, 217324
2, 494009, 465047
2, 411155, 481386
2, 212282, 215719
2, 379808, 373775
2, 8995, 23641
2, 360572, 332681
2, 138279, 119873
2, 258145, 234662
2, 459339, 486158
2, 160066, 186115
2, 98761, 18232
2, 225256, 237954
2, 85812, 59334
2, 103263, 116623
2, 238115, 229317
2, 457230, 431758
2, 316377, 349090
2, 107373, 175998
2, 216353, 206365
2, 235174, 290805
2, 38831, 82379
2, 462530, 486127
2, 86370, 11733
2, 188328, 117125
2, 144679, 110830
2, 73259, 43902
2, 296591, 253519
2, 442521, 403439
2, 171790, 164052
2, 71424, 10938
2, 52236, 21060
2, 269718, 233801
2, 3379, 32255
2, 192038, 192530
2, 487274, 452810
2, 399776, 322098
2, 233988, 259840
2, 297538, 261963
2, 101431, 112101
2, 56162, 37490
2, 7668, 41300
2, 218361, 285296
2, 474259, 435947
2, 358399, 321276
2, 452701, 478813
2, 389670, 345829
2, 395712, 385264
2, 405016, 434224
2, 221630, 254301
2, 191092, 145786
2, 345908, 325361
2, 495993, 480832
2, 59521, 62190
2, 243514, 218457
2, 149613, 143612
2, 370371, 374351
2, 439036, 483646
2, 43157, 55388
2, 160545, 136029
2, 52949, 51089
2, 271953, 232903
2, 415903, 452606
2, 354545, 384133
2, 166708, 142195
2, 112275, 196587
2, 163374, 101515
2, 239834, 250035
2, 463291, 401111
2, 136008, 195150
2, 240168, 206038
2, 43048, 51525
2, 189437, 176059
2, 321733, 352268
2, 126307, 115687
2, 415110, 474777
2, 50165, 30391
2, 106234, 169337
2, 320442, 316143
2, 498870, 471484
2, 330191, 355969
2, 395211, 385720
2, 463467, 443034
2, 310105, 359829
2, 71472, 80335
2, 163704, 100148
2, 240364, 276511
2, 229739, 260714
2, 296097, 292920
2, 389402, 347739
2, 217068, 208854
2, 85455, 2288
2, 222970, 291894
2, 489514, 440346
2, 240550, 218982
2, 144481, 101105
2, 13706, 10028
2, 193311, 146802
2, 445216, 484890
2, 26286, 93911
2, 51716, 91584
2, 475507, 479064
2, 69251, 34928
2, 440316, 430965
2, 85668, 60645
2, 379266, 375531
2, 218388, 279629
2, 32103, 66869
2, 224607, 231800
2, 221072, 265775
2, 69105, 99952
2, 297097, 213630
2, 433673, 411332
2, 105030, 179175
2, 185382, 185793
2, 274516, 272828
2, 135072, 138276
2, 41400, 92496
2, 232397, 224357
2, 450239, 465490
2, 237526, 241252
2, 392678, 310169
2, 326436, 321712
2, 382139, 396060
2, 133181, 189284
2, 357533, 384255
2, 477353, 436344
2, 371809, 348924
2, 250348, 251929
2, 488857, 480230
2, 367089, 346210
2, 23433, 30439
2, 125647, 192370
2, 287177, 207570
2, 108295, 122939
2, 245465, 260106
2, 425740, 406036
2, 194606, 149508
2, 378401, 367365
2, 196856, 129653
2, 181488, 196002
2, 112609, 190353
2, 1084, 93739
2, 116542, 105000
2, 71992, 59837
2, 411569, 408093
2, 466393, 406707
2, 425321, 439771
2, 7260, 46563
2, 91941, 93141
2, 53584, 79631
2, 401422, 408072
2, 19606, 96055
2, 86980, 40107
2, 72241, 20623
2, 451690, 471700
2, 45969, 1437
2, 317038, 338187
2, 282938, 245270
2, 342996, 324699
2, 52814, 93343
2, 296390, 288955
2, 137908, 197512
2, 251857, 286170
2, 41936, 18288
2, 296046, 296560
2, 103847, 109852
2, 381219, 375383
2, 115944, 162668
2, 432782, 472780
2, 272188, 231092
2, 227102, 274219
2, 377948, 316219
2, 91667, 15732
2, 303634, 344358
2, 497336, 447856
2, 454449, 488144
2, 399440, 385327
2, 233688, 255701
2, 347292, 303238
2, 358712, 372114
2, 431460, 421561
2, 467178, 439392
2, 488411, 466848
2, 391957, 354709
2, 91287, 25862
2, 21831, 57943
2, 15808, 75885
2, 478346, 492165
2, 60705, 14003
2, 109616, 131014
2, 70654, 97281
2, 404675, 435105
2, 494281, 401734
2, 60444, 49487
2, 174856, 197571
2, 89532, 7487
2, 297094, 236103
2, 322647, 372184
2, 460445, 455952
2, 140302, 145714
2, 361126, 313430
2, 434906, 468573
2, 315773, 354028
2, 286135, 273925
2, 198025, 100685
2, 357028, 322723
2, 388700, 327145
2, 163048, 190818
2, 81928, 7984
2, 67447, 64042
2, 60913, 37841
2, 21480, 73075
2, 480087, 455183
2, 44430, 99550
2, 390603, 309807
2, 140934, 136643
2, 355428, 352189
2, 363899, 347018
2, 278209, 204091
2, 341789, 382785
2, 60891, 49769
2, 172253, 123146
2, 202596, 231363
2, 430624, 489635
2, 446087, 443610
2, 62975, 70427
2, 9203, 25141
2, 67718, 43619
2, 256566, 232809
2, 438252, 462705
2, 173707, 138505
2, 303984, 360553
2, 363897, 368087
2, 370991, 343684
2, 89113, 41036
2, 6998, 20068
2, 42055, 76686
2, 190761, 182983
2, 498349, 444008
2, 28240, 48341
2, 420349, 427349
2, 124298, 115383
2, 476811, 425456
2, 180769, 180650
2, 161892, 184555
2, 470993, 482636
2, 376289, 307400
2, 243582, 262692
2, 311279, 363621
2, 414367, 454382
2, 253265, 222706
2, 256317, 249077
2, 274782, 272323
2, 385526, 337127
2, 172329, 191316
2, 69497, 48809
2, 54084, 75180
2, 259119, 270225
2, 76950, 95973
2, 186946, 185600
2, 325857, 318603
2, 18138, 60044
2, 429937, 454519
2, 478851, 457012
2, 449164, 488579
2, 375952, 383822
2, 10485, 20127
2, 298412, 250269
2, 208849, 278189
2, 15602, 52758
2, 379535, 383584
2, 11102, 3951
2, 303827, 380049
2, 459877, 445471
2, 262160, 289558
2, 341974, 361308
2, 335470, 318401
2, 473766, 446573
2, 192257, 138751
2, 178257, 190747
2, 297819, 299025
2, 162184, 188775
2, 242067, 249541
2, 135358, 161125
2, 19440, 86995
2, 335374, 328545
2, 461874, 415656
2, 246658, 292631
2, 147907, 127536
2, 377698, 302196
2, 370933, 361863
2, 210181, 246777
2, 60747, 31234
2, 100276, 104781
2, 332309, 335533
2, 487259, 412697
2, 47619, 68973
2, 185327, 165182
2, 198743, 182040
2, 106637, 130292
2, 23275, 20028
2, 473366, 408852
2, 288743, 273413
2, 23079, 5011
2, 441997, 458777
2, 457724, 446950
2, 108035, 139928
2, 360091, 382957
2, 251737, 216869
2, 75426, 47079
2, 92208, 53161
2, 28083, 63982
2, 409421, 461238
2, 51562, 16248
2, 112205, 167273
2, 257428, 246228
2, 474900, 438223
2, 102585, 176700
2, 122498, 154899
2, 49198, 78642
2, 336905, 351449
2, 382411, 373609
2, 143092, 136814
2, 400482, 499923
2, 416728, 461184
2, 2894, 27384
2, 292760, 238975
2, 420683, 465211
2, 189185, 138602
2, 112769, 107609
2, 102978, 134604
2, 10222, 50093
2, 408346, 467569
2, 113479, 116741
2, 386680, 361675
2, 103100, 126853
2, 467184, 464384
2, 155396, 155665
2, 457799, 461994
2, 446276, 425025
2, 376969, 327499
2, 85752, 52124
2, 7441, 74009
2, 373783, 311585
2, 230568, 290631
2, 185882, 188453
2, 490369, 477042
2, 177780, 167655
2, 337038, 366505
2, 433164, 466396
2, 322237, 347337
2, 400499, 455772
2, 44761, 98716
2, 16253, 74035
2, 206487, 284688
2, 427341, 427857
2, 37100, 52090
2, 323710, 395344
2, 479840, 472833
2, 133097, 118751
2, 222507, 248173
2, 417179, 440962
2, 297497, 210575
2, 87362, 93547
2, 237217, 292350
2, 87257, 90125
2, 486023, 451431
2, 483220, 442921
2, 302335, 310107
2, 111503, 123811
2, 252801, 296416
2, 236774, 225211
2, 243042, 263846
2, 320637, 357201
2, 289065, 254179
2, 213938, 231254
2, 312050, 324697
2, 49802, 64307
2, 91381, 86868
2, 210513, 206337
2, 367682, 387191
2, 250139, 291525
2, 133096, 192799
2, 374083, 357051
2, 264441, 246668
2, 317518, 363350
2, 462018, 449759
2, 242778, 252728
2, 184460, 167557
2, 90581, 88635
2, 239792, 279240
2, 430791, 403367
2, 259397, 209034
2, 491663, 497405
2, 382241, 328373
2, 44765, 85811
2, 247683, 298457
2, 499809, 428720
2, 246231, 271052
2, 309730, 397507
2, 385599, 327293
2, 368082, 372705
2, 471798, 465198
2, 318868, 322976
2, 413865, 403180
2, 41541, 87242
2, 194363, 179547
2, 221784, 209746
2, 484525, 445215
2, 75056, 26597
2, 76395, 21987
2, 365119, 391112
2, 161781, 129131
2, 226617, 248059
2, 248806, 211496
2, 437651, 418642
2, 20555, 40381
2, 340401, 359319
2, 104249, 106608
2, 436318, 478220
2, 275642, 282547
2, 316106, 374236
2, 465421, 447719
2, 491674, 423065
2, 114994, 194710
2, 61426, 24271
2, 266943, 214833
2, 235379, 274600
2, 64774, 54517
2, 465170, 410706
2, 300652, 386190
2, 203737, 251832
2, 327956, 321371
2, 106721, 152526
2, 107816, 122631
2, 390275, 321460
2, 442528, 445072
2, 373571, 315691
2, 208203, 271158
2, 398621, 319514
2, 260733, 260494
2, 202430, 291968
2, 98472, 71890
2, 88083, 1085
2, 158985, 131643
2, 63803, 28705
2, 107676, 135449
2, 152758, 179621
2, 92307, 10757
2, 287450, 235770
2, 66399, 52918
2, 206892, 290288
2, 498428, 419162
2, 238222, 292630
2, 191034, 103698
2, 62773, 74807
2, 252759, 244645
2, 407257, 492027
2, 113557, 150040
2, 21273, 89103
2, 138669, 110885
2, 120961, 198006
2, 374091, 378754
2, 128174, 172970
2, 180321, 145673
2, 281777, 247086
2, 434972, 499936
2, 408261, 478842
2, 32077, 56359
2, 91179, 19288
2, 26846, 68167
2, 431061, 424465
2, 460615, 475194
2, 54729, 52327
2, 444625, 490102
2, 109856, 149255
2, 441476, 432154
2, 317684, 337789
2, 376813, 319588
2, 304674, 353368
2, 423735, 461237
2, 440957, 471297
2, 282810, 237959
2, 431864, 440009
2, 115349, 190637
2, 215704, 263502
2, 333276, 375742
2, 468974, 405415
2, 347191, 364810
2, 448886, 437286
2, 246088, 270398
2, 427266, 465516
2, 252349, 240703
2, 58850, 77986
2, 189271, 151067
2, 25077, 43295
2, 346283, 378330
2, 280052, 267334
2, 163670, 125677
2, 184784, 152727
2, 366867, 373219
2, 402610, 486485
2, 195031, 144066
2, 241107, 278171
2, 492367, 413462
2, 193350, 173150
2, 63336, 81603
2, 445946, 485416
2, 392553, 397691
2, 230681, 264401
2, 326973, 399903
2, 57065, 65232
2, 27224, 46756
2, 24430, 39378
2, 235852, 264789
2, 436631, 403195
2, 280073, 228095
2, 338585, 350569
2, 125333, 141822
2, 369143, 372076
2, 196663, 144986
2, 299231, 251859
2, 449500, 462967
2, 154178, 133859
2, 182936, 182486
2, 49128, 17976
2, 310933, 398925
2, 112129, 108986
2, 222550, 229602
2, 8512, 91770
2, 487642, 409058
2, 226071, 239374
2, 265782, 293401
2, 32780, 23206
2, 319931, 303676
2, 143852, 162012
2, 354521, 376822
2, 14760, 39562
2, 439506, 495821
2, 285141, 200453
2, 423228, 428820
2, 8189, 86467
2, 136081, 124093
2, 318624, 314639
2, 361757, 386723
2, 397601, 399953
2, 5850, 31925
2, 359452, 318345
2, 424540, 460806
2, 217384, 294665
2, 480684, 466886
2, 237957, 226283
2, 470331, 423848
2, 282278, 239558
2, 170613, 103575
2, 417422, 453175
2, 398180, 388349
2, 66632, 72573
2, 244232, 207948
2, 114887, 123903
2, 119622, 121462
2, 292103, 228300
2, 466539, 411570
2, 183631, 100548
2, 407930, 458269
2, 72204, 66959
2, 122029, 162472
2, 198004, 152248
2, 493960, 408207
2, 316130, 344846
2, 456754, 485256
2, 202918, 282625
2, 161473, 123768
2, 120213, 100373
2, 232429, 225491
2, 448987, 432411
2, 82408, 4841
2, 295977, 268897
2, 356393, 365083
2, 486043, 452312
2, 493266, 479188
2, 14295, 40563
2, 182915, 105003
2, 213356, 232198
2, 210823, 272617
2, 454561, 469988
2, 409975, 496881
2, 126968, 160845
2, 470148, 461194
2, 108885, 172950
2, 139956, 186125
2, 423676, 441331
2, 108286, 164906
2, 48670, 90306
2, 34959, 18002
2, 247819, 217917
2, 274532, 206755
2, 358950, 345459
2, 13809, 57626
2, 25663, 90548
2, 470497, 439797
2, 498986, 459438
2, 152430, 140743
2, 156320, 156993
2, 374876, 367835
2, 496949, 452588
2, 399251, 305972
2, 496717, 413463
2, 251998, 219304
2, 373116, 366950
2, 151579, 117306
2, 226568, 280780
2, 81104, 4159
2, 355066, 317579
2, 221438, 209151
2, 202400, 226690
2, 130750, 190033
2, 72035, 32785
2, 313829, 314938
2, 194551, 102984
2, 46075, 57264
2, 415587, 416101
2, 103102, 103299
2, 188050, 155800
2, 231874, 240337
2, 290330, 275904
2, 332553, 377558
2, 171071, 135069
2, 303542, 386431
2, 241104, 278200
2, 97132, 41382
2, 165184, 119922
2, 308199, 361467
2, 294834, 291407
2, 47401, 41407
2, 91447, 27785
2, 255954, 211921
2, 82159, 9420
2, 2633, 11188
2, 358347, 364839
2, 54819, 43476
2, 185549, 183013
2, 348917, 397544
2, 115224, 159976
2, 334520, 304634
2, 184742, 110133
2, 4225, 71000
2, 320052, 346500
2, 403365, 417778
2, 129727, 121551
2, 355173, 386758
2, 482236, 458829
2, 398064, 385219
2, 496680, 468815
2, 40969, 32258
2, 203229, 258196
2, 175160, 161215
2, 422062, 445065
2, 289500, 227986
2, 117343, 194375
2, 205750, 220133
2, 441435, 489824
2, 141249, 120609
2, 173165, 138584
2, 271519, 295062
2, 110576, 127413
2, 68550, 79364
2, 197824, 120253
2, 275461, 214701
2, 215098, 296057
2, 315379, 347495
2, 369481, 374415
2, 223450, 253314
2, 264081, 218785
2, 118491, 116663
2, 66686, 29553
2, 290928, 254073
2, 302190, 351285
2, 200081, 221162
2, 268125, 264367
2, 410559, 483587
2, 428555, 452836
2, 335034, 351785
2, 209053, 200928
2, 299108, 283159
2, 396341, 326296
2, 14618, 16894
2, 497619, 455401
2, 482658, 406186
2, 161101, 136417
2, 53197, 40761
2, 141216, 175936
2, 11847, 15242
2, 182461, 129968
2, 343029, 366110
2, 273976, 235561
2, 444525, 465369
2, 477655, 483395
2, 160523, 133705
2, 359021, 311008
2, 31067, 51909
2, 17384, 8343
2, 229620, 242146
2, 100603, 115059
2, 153192, 130661
2, 495034, 425758
2, 237777, 241788
2, 89742, 59531
2, 263291, 235183
2, 171207, 187983
2, 39698, 39303
2, 298095, 241351
2, 203249, 248438
2, 96666, 31156
2, 89191, 98967
2, 402765, 463780
2, 245276, 257568
2, 316512, 347139
2, 364436, 336300
2, 197830, 190653
2, 202756, 285411
2, 106381, 110829
2, 152065, 147393
2, 291316, 251499
2, 464621, 439200
2, 268426, 225036
2, 18763, 15281
2, 113141, 129769
2, 351285, 333528
2, 157466, 101149
2, 173818, 170180
2, 50164, 70422
2, 462135, 476684
2, 246797, 224650
2, 265392, 210584
2, 334005, 383928
2, 74864, 77074
2, 20573, 10977
2, 185690, 171851
2, 125085, 142873
2, 346429, 334610
2, 44997, 20230
2, 213542, 293925
2, 265022, 255408
2, 253695, 263199
2, 341727, 365410
2, 62289, 53379
2, 405920, 497342
2, 385981, 371282
2, 437981, 412150
2, 155420, 150655
2, 462091, 426547
2, 63012, 75393
2, 265248, 285616
2, 367866, 305020
2, 445298, 438573
2, 40236, 27004
2, 440246, 485496
2, 147368, 177230
2, 189082, 123548
2, 12058, 90665
2, 232271, 270983
2, 76729, 39207
2, 62505, 62693
2, 179997, 163382
2, 1310, 61557
2, 418892, 485245
2, 380010, 344512
2, 151703, 165149
2, 332622, 300558
2, 237436, 237815
2, 136510, 181184
2, 419547, 418485
2, 152763, 162912
2, 130419, 157399
2, 447101, 446158
2, 281837, 298547
2, 88560, 47698
2, 256573, 246562
2, 112586, 130866
2, 484041, 473249
2, 90304, 24916
2, 61973, 92107
2, 189270, 159567
2, 36676, 35157
2, 8220, 99311
2, 96093, 43135
2, 301835, 300330
2, 18409, 20339
2, 21971, 10520
2, 357742, 300426
2, 170457, 157767
2, 426177, 479357
2, 268713, 234854
2, 110922, 183239
2, 329598, 325263
2, 362450, 382327
2, 424623, 493150
2, 288459, 284165
2, 341616, 373009
2, 485569, 480505
2, 53153, 22919
2, 329658, 371285
2, 315589, 303459
2, 119511, 114316
2, 310365, 328703
2, 369085, 385266
2, 74561, 35910
2, 113822, 182438
2, 447712, 434473
2, 64365, 1704
2, 143008, 121604
2, 167494, 177313
2, 466459, 487168
2, 72419, 51909
2, 198170, 168342
2, 458632, 480246
2, 366548, 395981
2, 27438, 15006
2, 155125, 151365
2, 410598, 467607
2, 358456, 350032
2, 285764, 240920
2, 495656, 448684
2, 421549, 462763
2, 299548, 248286
2, 267090, 240568
2, 327721, 354969
2, 45496, 45443
2, 380179, 395880
2, 142129, 157445
2, 181945, 185422
2, 10770, 1274
2, 173482, 198835
2, 77335, 50618
2, 417734, 490536
2, 394007, 391979
2, 15105, 86473
2, 443367, 401608
2, 22303, 15930
2, 192535, 194507
2, 36675, 71850
2, 140582, 139017
2, 130709, 161015
2, 294839, 235622
2, 486341, 450496
2, 302219, 332672
2, 96909, 24234
2, 332566, 381461
2, 308763, 323758
2, 406641, 481164
2, 8163, 72771
2, 73577, 95870
2, 240759, 245860
2, 428267, 493100
2, 439641, 479217
2, 465443, 499557
2, 163516, 104530
2, 58965, 11309
2, 443294, 422598
2, 315797, 397294
2, 224799, 277174
2, 311971, 322576
2, 192953, 107355
2, 199085, 115413
2, 279933, 283891
2, 324504, 331767
2, 480918, 483537
2, 192733, 181862
2, 195384, 122528
2, 311285, 385167
2, 379176, 310864
2, 222203, 235318
2, 432045, 492442
2, 177228, 173944
2, 182109, 185967
2, 228384, 240932
2, 188624, 171766
2, 457712, 476752
2, 240801, 252017
2, 336592, 341545
2, 309095, 356695
2, 325002, 381246
2, 84873, 96584
2, 162773, 188954
2, 444772, 413944
2, 395594, 390203
2, 259168, 284537
2, 325543, 355839
2, 396125, 337638
2, 48215, 52539
2, 467375, 445115
2, 498475, 411596
2, 69030, 45965
2, 211749, 246810
2, 417894, 439004
2, 19703, 11998
2, 124047, 152365
2, 432258, 454755
2, 10376, 16258
2, 387535, 361297
2, 230040, 261001
2, 110252, 126938
2, 382899, 390155
2, 83247, 1597
2, 208914, 287163
2, 99683, 39338
2, 381293, 312850
2, 270086, 209071
2, 136880, 166920
2, 108566, 161642
2, 231275, 287470
2, 387418, 314852
2, 78507, 10699
2, 290269, 203304
2, 401148, 488855
2, 5582, 53824
2, 170164, 189296
2, 446658, 463576
2, 78323, 28552
2, 341340, 368142
2, 9394, 18591
2, 412, 17367
2, 406226, 420892
2, 263872, 263954
2, 102525, 197777
2, 268793, 200152
2, 253010, 295542
2, 275763, 259400
2, 442674, 482564
2, 249623, 269456
2, 74896, 80608
2, 330576, 376256
2, 169717, 154376
2, 23695, 70270
2, 113362, 124911
2, 344727, 370897
