2, 399770, 399999
2, 499828, 499190
2, 99939, 99924
2, 99289, 98458
2, 223734, 299969
2, 299970, 299971
2, 199979, 199971
2, 299998, 300000
2, 99763, 99781
2, 177793, 200000
2, 199991, 168594
2, 480099, 432248
2, 494437, 499997
2, 299994, 299819
2, 299998, 299873
2, 392341, 334656
2, 299665, 292114
2, 283675, 299906
2, 493086, 499986
2, 299725, 299919
2, 199986, 140825
2, 199962, 170005
2, 236340, 299279
2, 99973, 99607
2, 199876, 199991
2, 472485, 499943
2, 489559, 499998
2, 399998, 399729
2, 238185, 297649
2, 99999, 98983
2, 399449, 361841
2, 99968, 99524
2, 297989, 288092
2, 189648, 199516
2, 399983, 338054
2, 359787, 399996
2, 267747, 297534
2, 299478, 299998
2, 200000, 198064
2, 99997, 98384
2, 399971, 399968
2, 332565, 398607
2, 499125, 499928
2, 397472, 399916
2, 194953, 197644
2, 99976, 100000
2, 94300, 99871
2, 99999, 14765
2, 499474, 486052
2, 500000, 499976
2, 496408, 499992
2, 253315, 298918
2, 200000, 199998
2, 192248, 171693
2, 199988, 198844
2, 500000, 493651
2, 99830, 99180
2, 299344, 298784
2, 99610, 96721
2, 499563, 500000
2, 299977, 299648
2, 387576, 388897
2, 495439, 499989
2, 284009, 299996
2, 499993, 499955
2, 499964, 499913
2, 200000, 194000
2, 99522, 98045
2, 148371, 199998
2, 400000, 399984
2, 399800, 400000
2, 299999, 299995
2, 192463, 199996
2, 199994, 199996
2, 296137, 299961
2, 399809, 397984
2, 199920, 197514
2, 199992, 195081
2, 477079, 481482
2, 99169, 97813
2, 290957, 299710
2, 493703, 446720
2, 393781, 394092
2, 294241, 275750
2, 299984, 299963
2, 96536, 99931
2, 99927, 99952
2, 299876, 299930
2, 399998, 374532
2, 378592, 397492
2, 499800, 499999
2, 394615, 390136
2, 200000, 186004
2, 298534, 295085
2, 199996, 199999
2, 299259, 299890
2, 399710, 379791
2, 399566, 398947
2, 299439, 295620
2, 285623, 299999
2, 99998, 91231
2, 499996, 499939
2, 199804, 198663
2, 200940, 299945
2, 369352, 399020
2, 54542, 100000
2, 199433, 194421
2, 500000, 499997
2, 199985, 199996
2, 91938, 99609
2, 383041, 399949
2, 99587, 43434
2, 471269, 498663
2, 98364, 99990
2, 499997, 499270
2, 48585, 99968
2, 297951, 209019
2, 499963, 492683
2, 499998, 499988
2, 499994, 499866
2, 477831, 499991
2, 399998, 396894
2, 97717, 98414
2, 495041, 499979
2, 399546, 400000
2, 99968, 99368
2, 399998, 399997
2, 199996, 199296
2, 399992, 399999
2, 399887, 399757
2, 399903, 360194
2, 247980, 243320
2, 382246, 399999
2, 389687, 400000
2, 499997, 499995
2, 199990, 199997
2, 499985, 499158
2, 160766, 200000
2, 299993, 293295
2, 199994, 199836
2, 461042, 484374
2, 99546, 99992
2, 199981, 194909
2, 100000, 99998
2, 499983, 499991
2, 199641, 177255
2, 293789, 298978
2, 199814, 200000
2, 399684, 399883
2, 240673, 299993
2, 399887, 399965
2, 399889, 399719
2, 99997, 90839
2, 165511, 129141
2, 499989, 481429
2, 198587, 199818
2, 190327, 144566
2, 399999, 399995
2, 100000, 99986
2, 299983, 298292
2, 499984, 498497
2, 200000, 143062
2, 395159, 398708
2, 299985, 256638
2, 398660, 399998
2, 499666, 499967
2, 386547, 399998
2, 188482, 199918
2, 33880, 96050
2, 293562, 281368
2, 489889, 479111
2, 420639, 500000
2, 483331, 499989
2, 299994, 299995
2, 118019, 152103
2, 399969, 399186
2, 399999, 396557
2, 460550, 476997
2, 144382, 199999
2, 393484, 399913
2, 85667, 99995
2, 99981, 99956
2, 399920, 399930
2, 99999, 99935
2, 399956, 379296
2, 99994, 99417
2, 499976, 498046
2, 99999, 99863
2, 299999, 298051
2, 424707, 475241
2, 299787, 299527
2, 500000, 500000
2, 296710, 300000
2, 496096, 499999
2, 99998, 98946
2, 479470, 499444
2, 399996, 398167
2, 499999, 470454
2, 180206, 199093
2, 95385, 99485
2, 99958, 99977
2, 499977, 477329
2, 499925, 420350
2, 499995, 431873
2, 399915, 319914
2, 400000, 400000
2, 295637, 299988
2, 399708, 399855
2, 7072, 100000
2, 399877, 399968
2, 399713, 388318
2, 300000, 299985
2, 499995, 499999
2, 400000, 320121
2, 199996, 199999
2, 299928, 290725
2, 198728, 200000
2, 100000, 100000
2, 378185, 399431
2, 398378, 399993
2, 500000, 427421
2, 399991, 350526
2, 400000, 399454
2, 199966, 199987
2, 99227, 80766
2, 396881, 372925
2, 99668, 99995
2, 193608, 167464
2, 399996, 399974
2, 467979, 499998
2, 98770, 82460
2, 299673, 299991
2, 99998, 99448
2, 500000, 495960
2, 353305, 397850
2, 89404, 99984
2, 196295, 194572
2, 299999, 299997
2, 399966, 399477
2, 199139, 199995
2, 499996, 496375
2, 499994, 500000
2, 199408, 199995
2, 83224, 99998
2, 297847, 299939
2, 300000, 298798
2, 181692, 199993
2, 99991, 33337
2, 479330, 499797
2, 97075, 100000
2, 195541, 195554
2, 199987, 199990
2, 299675, 299954
2, 189624, 199945
2, 199998, 199842
2, 199741, 199894
2, 448800, 500000
2, 99957, 81724
2, 99995, 99856
2, 199784, 199997
2, 99983, 91206
2, 499979, 499999
2, 299931, 299995
2, 499627, 436864
2, 399999, 394641
2, 299849, 300000
2, 499999, 499981
2, 499979, 411218
2, 199619, 198804
2, 300000, 299253
2, 299848, 299963
2, 99998, 99978
2, 299991, 299973
2, 299993, 299998
2, 299800, 299820
2, 199990, 200000
2, 396980, 338116
2, 499999, 499982
2, 399969, 397335
2, 499363, 499971
2, 399429, 382491
2, 499980, 500000
2, 299884, 299993
2, 299277, 299996
2, 399938, 399990
2, 498103, 499524
2, 199997, 199997
2, 399914, 400000
2, 298740, 264858
2, 197917, 197829
2, 299173, 299961
2, 199943, 199972
2, 329463, 343661
2, 200000, 199998
2, 299993, 299990
2, 99914, 94819
2, 199996, 199963
2, 499359, 474717
2, 499996, 499998
2, 399998, 399541
2, 99996, 99998
2, 500000, 499864
2, 199644, 127201
2, 199810, 200000
2, 400000, 399987
2, 89033, 94075
2, 195210, 171292
2, 199887, 199999
2, 100000, 99854
2, 187420, 200000
2, 299980, 281880
2, 486107, 499996
2, 393024, 397751
2, 100000, 90643
2, 299999, 300000
2, 399890, 399878
2, 298937, 300000
2, 99990, 87470
2, 299999, 299802
2, 300000, 294955
2, 399984, 399971
2, 98503, 75507
2, 99991, 63384
2, 400000, 358394
2, 299870, 300000
2, 391319, 399797
2, 73688, 99999
2, 399774, 388553
2, 499987, 499995
2, 499992, 491181
2, 399997, 399622
2, 400000, 399540
2, 99869, 99853
2, 298534, 295537
2, 398085, 393422
2, 499962, 483198
2, 97342, 99997
2, 300000, 295445
2, 471223, 489225
2, 100000, 99956
2, 299543, 299863
2, 399543, 395879
2, 99999, 99475
2, 499972, 499978
2, 38821, 99904
2, 390624, 399977
2, 499894, 499612
2, 99996, 44074
2, 99999, 99726
2, 281796, 299993
2, 398580, 399977
2, 355850, 398336
2, 399996, 359045
2, 397355, 399790
2, 98444, 99946
2, 493215, 499385
2, 399265, 397770
2, 499987, 430471
2, 94053, 99908
2, 99996, 99994
2, 399998, 398555
2, 99623, 99999
2, 499923, 499998
2, 498084, 499947
2, 299692, 299585
2, 290709, 259081
2, 399318, 399993
2, 199999, 199957
2, 499942, 447772
2, 248249, 299994
2, 499896, 477160
2, 399084, 399991
2, 299971, 299202
2, 199869, 199402
2, 298905, 299961
2, 398134, 397783
2, 455108, 498668
2, 399984, 399992
2, 299808, 299997
2, 499996, 495909
2, 399803, 399138
2, 300000, 300000
2, 200000, 194404
2, 199948, 199965
2, 399996, 399994
2, 200000, 198079
2, 199986, 199965
2, 178365, 197723
2, 288555, 299966
2, 163024, 198431
2, 194724, 198448
2, 299956, 299845
2, 399950, 395340
2, 499986, 498492
2, 397706, 400000
2, 97651, 80275
2, 184742, 199980
2, 99737, 98666
2, 99810, 99999
2, 199994, 194685
2, 399966, 316775
2, 399976, 399983
2, 197063, 199996
2, 382075, 399985
2, 199928, 193169
2, 300000, 279291
2, 199989, 199073
2, 199998, 200000
2, 94463, 99998
2, 198123, 199060
2, 197571, 121191
2, 399998, 399286
2, 499990, 464138
2, 99999, 96158
2, 478718, 499977
2, 500000, 499967
2, 499254, 495460
2, 399995, 399925
2, 499961, 451639
2, 399997, 399999
2, 300000, 299996
2, 399995, 399819
2, 499996, 499998
2, 481410, 499987
2, 499992, 499959
2, 199973, 198865
2, 200000, 197656
2, 299923, 244704
2, 200000, 195425
2, 399998, 399979
2, 237253, 298599
2, 98819, 99600
2, 496202, 499980
2, 296245, 295684
2, 286450, 299910
2, 399990, 389870
2, 96367, 99987
2, 399539, 398799
2, 295175, 297043
2, 499996, 494700
2, 98587, 99998
2, 274618, 299461
2, 96228, 97464
2, 399637, 394240
2, 199833, 197524
2, 299956, 299999
2, 399991, 305507
2, 499958, 489475
2, 299998, 299987
2, 99994, 99998
2, 82497, 33170
2, 99977, 92040
2, 99868, 99958
2, 209628, 254381
2, 396635, 399964
2, 193776, 199998
2, 99100, 99962
2, 300000, 300000
2, 193129, 199726
2, 299999, 299965
2, 62137, 99998
2, 386235, 388664
2, 48961, 96970
2, 399992, 399994
2, 299704, 297802
2, 399999, 399229
2, 399125, 400000
2, 499977, 499453
2, 200000, 169345
2, 299942, 299990
2, 499998, 499997
2, 498229, 499999
2, 179485, 199914
2, 500000, 466394
2, 399923, 393693
2, 500000, 499342
2, 94175, 100000
2, 398949, 399826
2, 299930, 299650
2, 95428, 99993
2, 489883, 465337
2, 199990, 199889
2, 99955, 100000
2, 299977, 299882
2, 298646, 299997
2, 300000, 296231
2, 99991, 66818
2, 468149, 419386
2, 75181, 95897
2, 398377, 399955
2, 299995, 298242
2, 99809, 99997
2, 99997, 99997
2, 439409, 499996
2, 99524, 66949
2, 399995, 379093
2, 499884, 483456
2, 99996, 81566
2, 299941, 299891
2, 200000, 199942
2, 444606, 499994
2, 499845, 499998
2, 98447, 85850
2, 199899, 199975
2, 98116, 99718
2, 258596, 288089
2, 399085, 398614
2, 436334, 499998
2, 399994, 339417
2, 199043, 108497
2, 490455, 499831
2, 299995, 201414
2, 192288, 199982
2, 168002, 198712
2, 500000, 476917
2, 488167, 499996
2, 399981, 399997
2, 499975, 499931
2, 290739, 276134
2, 499994, 462502
2, 76948, 89469
2, 195921, 199933
2, 297299, 299958
2, 337453, 399071
2, 399923, 399999
2, 299854, 299997
2, 500000, 491734
2, 199898, 163850
2, 478585, 498879
2, 294017, 299998
2, 100000, 100000
2, 99913, 86120
2, 499726, 499264
2, 298059, 299932
2, 498929, 500000
2, 298880, 300000
2, 399997, 389484
2, 99995, 99764
2, 99997, 81990
2, 299685, 276207
2, 299990, 294383
2, 299954, 299850
2, 230753, 299941
2, 498496, 499997
2, 399961, 396810
2, 398979, 399727
2, 499968, 499997
2, 199202, 199995
2, 199993, 199964
2, 199852, 200000
2, 199805, 182233
2, 499998, 492881
2, 96187, 99959
2, 299699, 297529
2, 499611, 500000
2, 499993, 499093
2, 299998, 264882
2, 99984, 34341
2, 397954, 320979
2, 38089, 97816
2, 295956, 300000
2, 99988, 99988
2, 293160, 299868
2, 99328, 76950
2, 99905, 99870
2, 199991, 199808
2, 99951, 99106
2, 99999, 49987
2, 99993, 95205
2, 500000, 489743
2, 394740, 399994
2, 299938, 299946
2, 499211, 450067
2, 298953, 265383
2, 399924, 400000
2, 399970, 400000
2, 290218, 299984
2, 199999, 162955
2, 199989, 200000
2, 467518, 499940
2, 399994, 399965
2, 299997, 285444
2, 299970, 299998
2, 200000, 184884
2, 190795, 194586
2, 499948, 499973
2, 88205, 99960
2, 99643, 99822
2, 499514, 499808
2, 489412, 471515
2, 298135, 299964
2, 499964, 499999
2, 299928, 298292
2, 200000, 200000
2, 199997, 191748
2, 299809, 299651
2, 287720, 299949
2, 299996, 286806
2, 499998, 499972
2, 362066, 399399
2, 299873, 251622
2, 99980, 41361
2, 379767, 342923
2, 100000, 75632
2, 399998, 399725
2, 199993, 199980
2, 299757, 299954
2, 199993, 190344
2, 199968, 199998
2, 97280, 99840
2, 464809, 500000
2, 59422, 100000
2, 350527, 399749
2, 299333, 266774
2, 399988, 386468
2, 195684, 199824
2, 99105, 99997
2, 199996, 199610
2, 299954, 298476
2, 499997, 499415
2, 299889, 296683
2, 199993, 128761
2, 300000, 299998
2, 499999, 499975
2, 298786, 299914
2, 489292, 490167
2, 264515, 298958
2, 99998, 99710
2, 199996, 199985
2, 198148, 199579
2, 311795, 389631
2, 199425, 188477
2, 310771, 399951
2, 499990, 499998
2, 498536, 477814
2, 499997, 500000
2, 490411, 500000
2, 499578, 499998
2, 99897, 14934
2, 199868, 199984
2, 129985, 199833
2, 475943, 499997
2, 199054, 199982
2, 499998, 499775
2, 260909, 299999
2, 94220, 92554
2, 50808, 99998
2, 399080, 392378
2, 97294, 98337
2, 493835, 499942
2, 498813, 491186
2, 287940, 241072
2, 399998, 396351
2, 62436, 98815
2, 498361, 499996
2, 400000, 399865
2, 99891, 99999
2, 199999, 199998
2, 71630, 99994
2, 299998, 262232
2, 499989, 499425
2, 499884, 500000
2, 297518, 293609
2, 399482, 398402
2, 99676, 99692
2, 498456, 499997
2, 486881, 499700
2, 100000, 99892
2, 499417, 500000
2, 372683, 399994
2, 500000, 500000
2, 198067, 199736
2, 99870, 81672
2, 499480, 500000
2, 296572, 292511
2, 492323, 495083
2, 499959, 499915
2, 200000, 199998
2, 396047, 399955
2, 99981, 99985
2, 99379, 99919
2, 399991, 399939
2, 399145, 399724
2, 500000, 500000
2, 199912, 134111
2, 242546, 299965
2, 173506, 117915
2, 195774, 199998
2, 300000, 299981
2, 299126, 299724
2, 437877, 496751
2, 267479, 282899
2, 251588, 299984
2, 299991, 297727
2, 298567, 299996
2, 495700, 492466
2, 99999, 99663
2, 99971, 99996
2, 398631, 399976
2, 99999, 99807
2, 299987, 297366
2, 371035, 399999
2, 57121, 99953
2, 499751, 499932
2, 99998, 99985
2, 499561, 430736
2, 299447, 299961
2, 299996, 299997
2, 400000, 400000
2, 99969, 99790
2, 99516, 99997
2, 426154, 499681
2, 299151, 286625
2, 399800, 399995
2, 296337, 299816
2, 399656, 399986
2, 99908, 99911
2, 199924, 199978
2, 293999, 259951
2, 119801, 199990
2, 198812, 197649
2, 199335, 162315
2, 270530, 299990
2, 499981, 499999
2, 399994, 399988
2, 199996, 199789
2, 191338, 199932
2, 397394, 399982
2, 299998, 299961
2, 199492, 199985
2, 397008, 395178
2, 500000, 485764
2, 299635, 299806
2, 254258, 200276
2, 224606, 259737
2, 458866, 499900
2, 137770, 199973
2, 152904, 200000
2, 99953, 38839
2, 299993, 299998
2, 299897, 268654
2, 287586, 295464
2, 84519, 98153
2, 393154, 391973
2, 271042, 296479
2, 199704, 199987
2, 492901, 499731
2, 296473, 296017
2, 399699, 396583
2, 191010, 199999
2, 295125, 299930
2, 500000, 499694
2, 199464, 199999
2, 299977, 299417
2, 499976, 499998
2, 183825, 193462
2, 300000, 299978
2, 299996, 295753
2, 399692, 399954
2, 399995, 399978
2, 499997, 453796
2, 499867, 499997
2, 44583, 99785
2, 499898, 499996
2, 497087, 500000
2, 99644, 99987
2, 398698, 398478
2, 497603, 499985
2, 499989, 499956
2, 99658, 99959
2, 399999, 391121
2, 395779, 398284
2, 399995, 399882
2, 300000, 247173
2, 399924, 398742
2, 99995, 96446
2, 99990, 99895
2, 69854, 99862
2, 489168, 497428
2, 400000, 385180
2, 199992, 199975
2, 99754, 99990
2, 197981, 113506
2, 99983, 99993
2, 26414, 97664
2, 199844, 199668
2, 499507, 428358
2, 299990, 222372
2, 299994, 299971
2, 299950, 298620
2, 299575, 296359
2, 499244, 498350
2, 50736, 99967
2, 99950, 92778
2, 499697, 499275
2, 499995, 486009
2, 295885, 299891
2, 494376, 499999
2, 298605, 293924
2, 197156, 199808
2, 295923, 298143
2, 499994, 477104
2, 199818, 199862
2, 477457, 499999
2, 199696, 189543
2, 199398, 162455
2, 299957, 298820
2, 299746, 218585
2, 200000, 200000
2, 399997, 395525
2, 500000, 499485
2, 399962, 400000
2, 499996, 498166
2, 299998, 300000
2, 498339, 499185
2, 499984, 486042
2, 386741, 399998
2, 299688, 299963
2, 199063, 174848
2, 194285, 199816
2, 199921, 199766
2, 99843, 100000
2, 482637, 422966
2, 399996, 399728
2, 399994, 362724
2, 99962, 100000
2, 398302, 399196
2, 385273, 399869
2, 399999, 399987
2, 198421, 199989
2, 37994, 69615
2, 399845, 399999
2, 299968, 299247
2, 99915, 94289
2, 396102, 400000
2, 399395, 392595
2, 395732, 300769
2, 199998, 175559
2, 200000, 199997
2, 499997, 457180
2, 399999, 399859
2, 399997, 383543
2, 96052, 99992
2, 99918, 99986
2, 67719, 99973
2, 100000, 99999
2, 409387, 498929
2, 299781, 298453
2, 490723, 491752
2, 199997, 192552
2, 100000, 99238
2, 399414, 399976
2, 448482, 499919
2, 99995, 56123
2, 99332, 97780
2, 198294, 200000
2, 298682, 299841
2, 199823, 199919
2, 198422, 195326
2, 264926, 298824
2, 198276, 180964
2, 199006, 199331
2, 397356, 399989
2, 299862, 299969
2, 499995, 496120
2, 199869, 199995
2, 198711, 199646
2, 163819, 198571
2, 399952, 400000
2, 399984, 399998
2, 385019, 386079
2, 199995, 199991
2, 498088, 498498
2, 499310, 462945
2, 399998, 399333
2, 499993, 428353
2, 480220, 499997
2, 99766, 26493
2, 300000, 299999
2, 499609, 499800
2, 399996, 393930
2, 296024, 299946
2, 296375, 298936
2, 399989, 399749
2, 195199, 199989
2, 495377, 499967
2, 153040, 199553
2, 399706, 399998
2, 394647, 399946
2, 199979, 199087
2, 196982, 199999
2, 99859, 99184
2, 298024, 299920
2, 88785, 92273
2, 214062, 295154
2, 499586, 499987
2, 199777, 200000
2, 232048, 300000
2, 299948, 299648
2, 399547, 357713
2, 411253, 413589
2, 298250, 295234
2, 399989, 399633
2, 98247, 99260
2, 499984, 495467
2, 299992, 299998
2, 399920, 399942
2, 399887, 399936
2, 99985, 99775
2, 99931, 68846
2, 199988, 180333
2, 398603, 399981
2, 394276, 399997
2, 99639, 99996
2, 499999, 499894
2, 399998, 398125
2, 499990, 453119
2, 200000, 193045
2, 199999, 198482
2, 299900, 262388
2, 87674, 89683
2, 299984, 299992
2, 480705, 498469
2, 99950, 79777
2, 99368, 99998
2, 499089, 500000
2, 153806, 199997
2, 99931, 99894
2, 99943, 100000
2, 499963, 499921
2, 299893, 287386
2, 99999, 89354
2, 299998, 299924
2, 299870, 299999
2, 398598, 399565
2, 432755, 499978
2, 97777, 99995
2, 299725, 299857
2, 299848, 299804
2, 389103, 399909
2, 400000, 399993
2, 499873, 499911
2, 81736, 96445
2, 400000, 377264
2, 391392, 399992
2, 299964, 299959
2, 193913, 199188
2, 394135, 397110
2, 299980, 299987
2, 299912, 222427
2, 499999, 499595
2, 197760, 199482
2, 393566, 388441
2, 399998, 399891
2, 68674, 98780
2, 83191, 78450
2, 25437, 99899
2, 60248, 98154
2, 99801, 99951
2, 172605, 199737
2, 266722, 300000
2, 199999, 199876
2, 299711, 299965
2, 299367, 300000
2, 499995, 499995
2, 294313, 296460
2, 199993, 195341
2, 499959, 500000
2, 97524, 37788
2, 89030, 99998
2, 264105, 255471
2, 99425, 99994
2, 296233, 300000
2, 198543, 200000
2, 50019, 99389
2, 499979, 499849
2, 84124, 99857
2, 192183, 176750
2, 499821, 450843
2, 299995, 299895
2, 499999, 499999
2, 298803, 299401
2, 286412, 299889
2, 499461, 485166
2, 400000, 399606
2, 499989, 499346
2, 199988, 199753
2, 294821, 298550
2, 399701, 400000
2, 197563, 195068
2, 399967, 399956
2, 299746, 232212
2, 172107, 109500
2, 399982, 378264
2, 499877, 499962
2, 294108, 295676
2, 99963, 58564
2, 500000, 495170
2, 256766, 296600
2, 299985, 299966
2, 499997, 498600
2, 358164, 399499
2, 214858, 299997
2, 188595, 184840
2, 99986, 99748
2, 297440, 288750
2, 299973, 299097
2, 58482, 99897
2, 96312, 92089
2, 297308, 299997
2, 199999, 197135
2, 499666, 499989
2, 101773, 199695
2, 299012, 297117
2, 292757, 299959
2, 392504, 387621
2, 497832, 499973
2, 499997, 473650
2, 461055, 499996
2, 500000, 499838
2, 91081, 99996
2, 299993, 287078
2, 174857, 199683
2, 395955, 394631
2, 281879, 300000
2, 466967, 497311
2, 199999, 199189
2, 398691, 394827
2, 499856, 450046
2, 99714, 96282
2, 299954, 244489
2, 491382, 499849
2, 377169, 398668
2, 199894, 196969
2, 299920, 299997
2, 137812, 143323
2, 499998, 499980
2, 399942, 399996
2, 299905, 299910
2, 499572, 452192
2, 99945, 94698
2, 499315, 497016
2, 199855, 197548
2, 299991, 286920
2, 399317, 363832
2, 96213, 97085
2, 199999, 199983
2, 81085, 99637
2, 365695, 363764
2, 176966, 199999
2, 399971, 399992
2, 199997, 199700
2, 399985, 395548
2, 398312, 399559
2, 300000, 296360
2, 199778, 167635
2, 463617, 499813
2, 299978, 280843
2, 99992, 99789
2, 92562, 98874
2, 39412, 99641
2, 99695, 99995
2, 98112, 26888
2, 11713, 78320
2, 499910, 499978
2, 299999, 235325
2, 99974, 99548
2, 399999, 399900
2, 100000, 99977
2, 200000, 199860
2, 399995, 399995
2, 499879, 499334
2, 287306, 298690
2, 300000, 289710
2, 199980, 199887
2, 399061, 397810
2, 99919, 99991
2, 399996, 394692
2, 399948, 399970
2, 99545, 99331
2, 99954, 99341
2, 399979, 399998
2, 299981, 253482
2, 99847, 99624
2, 499995, 499922
2, 199974, 199979
2, 299978, 299754
2, 99617, 99992
2, 397427, 382896
2, 199034, 171374
2, 399659, 399992
2, 292881, 299999
2, 191577, 200000
2, 422744, 499926
2, 199895, 199717
2, 299938, 213842
2, 199998, 199998
2, 499940, 496977
2, 399996, 385025
2, 199852, 200000
2, 259485, 288693
2, 86215, 99740
2, 300000, 277155
2, 154172, 200000
2, 300000, 298891
2, 214582, 299997
2, 499998, 499953
2, 499998, 468936
2, 100000, 99999
2, 199881, 199653
2, 97260, 76501
2, 499991, 482847
2, 87036, 99983
2, 297749, 296400
2, 64727, 99657
2, 98816, 99814
2, 99886, 85681
2, 399997, 367069
2, 299895, 299994
2, 484223, 432688
2, 399993, 399991
2, 399999, 399397
2, 399961, 312559
2, 498946, 494300
2, 499982, 499994
2, 192273, 177964
2, 398941, 398598
2, 199966, 188537
2, 142025, 183451
2, 98396, 36257
2, 97780, 99670
2, 295147, 300000
2, 275088, 298879
2, 99967, 99812
2, 198778, 199988
2, 493343, 493026
2, 90424, 40839
2, 199908, 199659
2, 199994, 154212
2, 171397, 191245
2, 95121, 33996
2, 398012, 381047
2, 399926, 395474
2, 199963, 199998
2, 199997, 182202
2, 436023, 499999
2, 399889, 399978
2, 200000, 199996
2, 299760, 291720
2, 99997, 99992
2, 299568, 299996
2, 200000, 199907
2, 282108, 299954
2, 298904, 299408
2, 94228, 100000
2, 299999, 292582
2, 399999, 332207
2, 399995, 399998
2, 499852, 439361
2, 499872, 499135
2, 99907, 98679
2, 494107, 499999
2, 498772, 499989
2, 399130, 400000
2, 100000, 99990
2, 89755, 99920
2, 316653, 399993
2, 99547, 99006
2, 494011, 499999
2, 499826, 499922
2, 399959, 391524
2, 400000, 399683
2, 293873, 299991
2, 99999, 99937
2, 100000, 99973
2, 94619, 91556
2, 499987, 499999
2, 99992, 98013
2, 499993, 488391
2, 499997, 423412
2, 499968, 499976
2, 396940, 372583
2, 441996, 484079
2, 191402, 198585
2, 99997, 96420
2, 200000, 199998
2, 299963, 218325
2, 499980, 499766
2, 300000, 233175
2, 199991, 199949
2, 499960, 496376
2, 45011, 99783
2, 199792, 199989
2, 499943, 499941
2, 371830, 310634
2, 5106, 99951
2, 499939, 500000
2, 498842, 473616
2, 99994, 83258
2, 399999, 399826
2, 299996, 274294
2, 9527, 97640
2, 63174, 49719
2, 100000, 94018
2, 380089, 399767
2, 499935, 499992
2, 499918, 492440
2, 199996, 199913
2, 70678, 100000
2, 99999, 99334
2, 299170, 217698
2, 299999, 299893
2, 399975, 374591
2, 500000, 480247
2, 300000, 236148
2, 399992, 400000
2, 480039, 494132
2, 299752, 297890
2, 399995, 393935
2, 285990, 299999
2, 199995, 199649
2, 399998, 400000
2, 491554, 500000
2, 299997, 299996
2, 199840, 199995
2, 99898, 88592
2, 399987, 399997
2, 298890, 278297
2, 176210, 199912
2, 496212, 496839
2, 299807, 299434
2, 430037, 422153
2, 360518, 397810
2, 161118, 199984
2, 298119, 270109
2, 299906, 299945
2, 199914, 199023
2, 499996, 498976
2, 499997, 499997
2, 499268, 499800
2, 298651, 274964
2, 399998, 399827
2, 288389, 299984
2, 396428, 361909
2, 299999, 299459
2, 98788, 99996
2, 99976, 96934
2, 99972, 99996
2, 497556, 500000
2, 299999, 299567
2, 194751, 132257
2, 399913, 399987
2, 499880, 481571
2, 195137, 199495
2, 299991, 270176
2, 489362, 499297
2, 52033, 79442
2, 99868, 99079
2, 499924, 483162
2, 199977, 199011
2, 499998, 476267
2, 27437, 99602
2, 150699, 199966
2, 497719, 499998
2, 499970, 499649
2, 497556, 486833
2, 196874, 186003
2, 197847, 200000
2, 99987, 64710
2, 499958, 499492
2, 300524, 399150
2, 98553, 100000
2, 190868, 199760
2, 299994, 299999
2, 62358, 72334
2, 99936, 99977
2, 99673, 99997
2, 399135, 399581
2, 500000, 482404
2, 399967, 399996
2, 199973, 199914
2, 229209, 299370
2, 495355, 464503
2, 199996, 177208
2, 194363, 199996
2, 85447, 44629
2, 500000, 499358
2, 499485, 499791
2, 198334, 197149
2, 400000, 357177
2, 496458, 480023
2, 499879, 499830
2, 99829, 99980
2, 99192, 99466
2, 399115, 390267
2, 399984, 303593
2, 399997, 399973
2, 198812, 199981
2, 499948, 495146
2, 399999, 301468
2, 298247, 299970
2, 99759, 99721
2, 499847, 499928
2, 300000, 299995
2, 199981, 199988
2, 100546, 153284
2, 498443, 483607
2, 199998, 198495
2, 199315, 199945
2, 299998, 300000
2, 399951, 355019
2, 99996, 99216
2, 299979, 299999
2, 324622, 391360
2, 399999, 389209
2, 299998, 299302
2, 368062, 346020
2, 298526, 299727
2, 299860, 299567
2, 199980, 199996
2, 99878, 99958
2, 399985, 399554
2, 99985, 12122
2, 499968, 491191
2, 395319, 400000
2, 299409, 299998
2, 199988, 199908
2, 497604, 499986
2, 399874, 339839
2, 199944, 197999
2, 299998, 299125
2, 300000, 299718
2, 399999, 399374
2, 299979, 300000
2, 387514, 399987
2, 100000, 99999
2, 499244, 499955
2, 99976, 38460
2, 299941, 299995
2, 199996, 193963
2, 399988, 313756
2, 83951, 95814
2, 499991, 499940
2, 177585, 200000
2, 60689, 60296
2, 361161, 400000
2, 192335, 154419
2, 99793, 99579
2, 199937, 166272
2, 399995, 399881
2, 199989, 195191
2, 98961, 99996
2, 499999, 480631
2, 500000, 499794
2, 296101, 299999
2, 297825, 300000
2, 399983, 400000
2, 400000, 399791
2, 399944, 398505
2, 199999, 200000
2, 199857, 199834
2, 499980, 499022
2, 299636, 299711
2, 99995, 96139
2, 199964, 199986
2, 407438, 499957
2, 200000, 199894
2, 199161, 199969
2, 499446, 448141
2, 399648, 399996
2, 200000, 199996
2, 99985, 34082
2, 299834, 237127
2, 199990, 199954
2, 99997, 96365
2, 76343, 98294
2, 99998, 99884
2, 200000, 195557
2, 282593, 294308
2, 299997, 300000
2, 199947, 199966
2, 94576, 99608
2, 435880, 496365
2, 499996, 493300
2, 399966, 394828
2, 299319, 298015
2, 199996, 199979
2, 166456, 199062
2, 487045, 500000
2, 197003, 199985
2, 300000, 299999
2, 99965, 99959
2, 299501, 299994
2, 80434, 99999
2, 500000, 479272
2, 99987, 99992
2, 199996, 199998
2, 297219, 299990
2, 99288, 90846
2, 299997, 299226
2, 499867, 499991
2, 114438, 199969
2, 180378, 199967
2, 99998, 97693
2, 247718, 298551
2, 299999, 205401
2, 499994, 498140
2, 99353, 99999
2, 299901, 299999
2, 499935, 499969
2, 199995, 199998
2, 99998, 99999
2, 199342, 199996
2, 499997, 488402
2, 199319, 192151
2, 399998, 391688
2, 98681, 99990
2, 397111, 399182
2, 99998, 99998
2, 98669, 99999
2, 99962, 78282
2, 199989, 199960
2, 193962, 198885
2, 499859, 432429
2, 99998, 100000
2, 400000, 400000
2, 62973, 99740
2, 399998, 396053
2, 399831, 399999
2, 276570, 299891
2, 399826, 399999
2, 391532, 399874
2, 296384, 295271
2, 299912, 299280
2, 499335, 496845
2, 78296, 99998
2, 499997, 466094
2, 175929, 198356
2, 369049, 399972
2, 298509, 265341
2, 387293, 399954
2, 399987, 399997
2, 99474, 99907
2, 89235, 99990
2, 299996, 299997
2, 99959, 99995
2, 399578, 399997
2, 299362, 299995
2, 299996, 299930
2, 299957, 219709
2, 499922, 497788
2, 300000, 299869
2, 300000, 299990
2, 394145, 399958
2, 399598, 398824
2, 375033, 366474
2, 499651, 499983
2, 87126, 99997
2, 199966, 180001
2, 499949, 497633
2, 351982, 399818
2, 496229, 499932
2, 400000, 399998
2, 298893, 257194
2, 400000, 399960
2, 299972, 299998
2, 200000, 131354
2, 199963, 159863
2, 299988, 299979
2, 199999, 200000
2, 299999, 299962
2, 199850, 199988
2, 297428, 245050
2, 99196, 100000
2, 399951, 397815
2, 299550, 299999
2, 496870, 500000
2, 398548, 399999
2, 99081, 99997
2, 84512, 94459
2, 93206, 99989
2, 218219, 299910
2, 345577, 395383
2, 299974, 299994
2, 399996, 399985
2, 500000, 499935
2, 198841, 200000
2, 300000, 299996
2, 278821, 299983
2, 199896, 199994
2, 300000, 299998
2, 98308, 249
2, 499997, 499995
2, 199418, 117852
2, 448885, 495647
2, 399969, 399994
2, 304678, 399550
2, 199918, 177895
2, 299949, 299229
2, 298740, 288449
2, 273208, 299992
2, 193968, 200000
2, 324320, 400000
2, 399742, 398409
2, 497655, 473556
2, 399969, 390748
2, 197193, 191927
2, 150800, 109687
2, 100000, 99403
2, 499994, 499990
2, 93277, 99980
2, 400000, 396998
2, 296408, 300000
2, 71228, 100000
2, 481956, 401376
2, 306098, 399920
2, 300000, 299870
2, 399993, 397919
2, 99740, 98012
2, 499659, 499873
2, 500000, 499997
2, 474274, 500000
2, 199930, 199859
2, 299998, 298351
2, 99870, 87576
2, 399982, 400000
2, 200000, 199998
2, 399713, 399990
2, 399963, 399679
2, 31991, 100000
2, 399225, 400000
2, 499950, 499984
2, 399997, 400000
2, 487889, 499598
2, 390532, 398120
2, 392695, 399649
2, 198376, 195556
2, 169655, 199997
2, 499998, 498862
2, 199984, 197128
2, 500000, 435998
2, 199773, 199999
2, 299996, 299723
2, 499982, 499937
2, 294790, 299998
2, 296754, 299998
2, 99993, 99997
2, 199905, 199997
2, 382106, 386757
2, 177467, 199995
2, 393035, 399999
2, 483612, 499145
2, 498856, 499997
2, 499960, 499996
2, 399994, 323483
2, 484122, 499953
2, 296445, 288471
2, 496425, 499991
2, 99997, 100000
2, 100000, 99874
2, 199256, 199963
2, 199982, 200000
2, 291836, 294997
2, 399994, 399995
2, 199281, 199973
2, 199787, 199999
2, 339093, 399973
2, 499994, 447153
2, 399537, 396051
2, 199508, 199989
2, 195179, 199994
2, 324674, 400000
2, 238696, 294716
2, 99468, 96568
2, 200000, 199991
2, 99937, 52460
2, 161242, 199041
2, 294285, 260219
2, 200000, 199998
2, 299998, 299984
2, 299420, 299994
2, 297942, 299956
2, 100000, 99998
2, 99725, 99724
2, 198077, 194213
2, 99494, 99993
2, 297399, 299998
2, 199998, 199990
2, 199868, 198588
2, 400000, 399941
2, 199971, 198521
2, 199010, 199977
2, 200000, 199998
2, 99999, 98025
2, 374170, 398985
2, 399995, 399703
2, 272545, 277114
2, 497297, 499806
2, 89773, 99937
2, 400000, 399992
2, 399970, 364763
2, 186358, 199991
2, 277285, 273173
2, 362296, 398874
2, 91128, 99999
2, 99456, 99984
2, 199852, 198184
2, 440225, 469802
2, 99708, 19496
2, 299824, 300000
2, 499997, 499996
2, 99972, 100000
2, 257249, 299987
2, 497606, 497515
2, 450736, 496392
2, 399340, 398895
2, 395856, 374204
2, 99996, 86592
2, 499948, 497864
2, 200000, 199828
2, 99484, 50676
2, 299995, 299911
2, 399953, 399999
2, 54427, 99999
2, 398456, 399993
2, 177475, 199976
2, 99307, 86025
2, 399995, 376467
2, 100000, 100000
2, 99772, 99979
2, 499263, 499657
2, 99983, 98932
2, 280618, 299972
2, 461726, 499999
2, 499997, 499889
2, 62366, 99969
2, 99567, 62654
2, 399999, 386068
2, 299786, 292233
2, 324817, 363214
2, 41573, 99217
2, 489701, 499984
2, 399999, 300651
2, 399998, 399418
2, 399985, 396074
2, 291164, 299912
2, 191001, 199990
2, 200000, 198577
2, 96000, 12777
2, 299985, 299996
2, 230993, 229697
2, 187658, 168305
2, 399974, 397677
2, 199975, 168842
2, 57349, 99936
2, 399972, 399661
2, 300000, 299992
2, 299935, 299992
2, 99988, 99995
2, 499987, 499975
2, 259079, 298342
2, 299867, 288069
2, 399968, 379506
2, 400000, 349020
2, 287270, 299998
2, 299999, 299998
2, 299932, 299988
2, 99999, 99997
2, 403358, 500000
2, 297846, 275935
2, 170679, 198743
2, 499996, 499950
2, 496695, 496823
2, 298583, 299967
2, 500000, 500000
2, 199999, 145287
2, 199738, 199765
2, 399999, 399996
2, 392574, 398458
2, 199973, 199996
2, 284492, 299990
2, 397895, 397331
2, 99980, 100000
2, 300000, 292227
2, 399988, 399971
2, 299999, 296808
2, 399936, 399170
2, 500000, 499979
2, 399983, 399969
2, 400000, 399970
2, 175062, 199988
2, 499999, 471553
2, 298567, 299739
2, 400000, 399782
2, 491796, 499997
2, 500000, 499988
2, 298737, 284828
2, 500000, 494638
2, 499913, 499541
2, 299972, 292992
2, 398386, 399978
2, 400000, 400000
2, 199998, 199926
2, 199896, 200000
2, 399994, 397823
2, 199996, 199979
2, 93756, 99890
2, 296852, 299854
2, 259706, 283935
2, 99953, 97463
2, 497504, 499498
2, 99873, 99920
2, 99893, 96613
2, 299941, 297993
2, 399994, 396022
2, 499916, 499950
2, 499999, 424517
2, 499994, 497633
2, 293720, 300000
2, 397539, 358861
2, 179915, 199957
2, 199998, 183398
2, 268888, 299901
2, 199850, 199965
2, 200000, 199996
2, 99997, 98345
2, 499985, 410404
2, 291901, 299689
2, 299974, 299971
2, 299728, 299999
2, 100000, 99920
2, 299450, 299996
2, 98789, 78054
2, 98841, 81342
2, 499990, 498988
2, 499997, 491795
2, 496886, 499999
2, 499943, 499910
2, 199948, 199888
2, 199554, 199905
2, 399995, 399521
2, 499964, 499968
2, 376068, 399825
2, 197306, 196409
2, 248602, 299838
2, 100000, 41680
2, 199836, 144817
2, 488194, 499121
2, 199541, 199657
2, 295466, 299982
2, 499216, 499689
2, 298959, 299989
2, 399424, 346904
2, 299228, 245485
2, 199997, 199996
2, 499864, 494720
2, 491928, 499908
2, 399967, 399995
2, 98346, 88780
2, 99939, 99993
2, 499833, 499998
2, 299975, 298478
2, 147123, 200000
2, 99969, 99911
2, 199411, 199995
2, 7341, 99998
2, 94206, 99987
2, 191809, 199998
2, 499988, 458374
2, 499974, 496845
2, 399921, 399973
2, 367635, 384108
2, 399989, 400000
2, 299987, 272009
2, 399997, 365183
2, 72211, 99944
2, 389540, 393627
2, 99998, 99275
2, 498426, 495259
2, 33187, 95221
2, 99922, 86392
2, 99627, 99985
2, 281250, 299987
2, 199959, 199996
2, 199919, 196664
2, 399999, 399904
2, 283387, 299996
2, 199999, 199995
2, 199986, 199997
2, 399983, 399995
2, 499996, 499992
2, 199496, 200000
2, 299999, 299442
2, 399999, 366281
2, 499014, 479670
2, 399999, 399998
2, 399539, 399981
2, 199996, 165000
2, 499320, 411277
2, 200000, 200000
2, 99443, 96020
2, 498627, 498656
2, 498691, 497693
2, 499999, 500000
2, 499997, 498526
2, 199995, 199997
2, 394972, 399429
2, 287578, 299995
2, 299959, 299993
2, 293702, 299839
2, 299999, 299822
2, 397641, 400000
2, 499983, 481765
2, 298175, 299973
2, 72894, 99973
2, 100000, 99971
2, 199680, 199922
2, 399579, 399971
2, 299980, 299771
2, 298975, 299926
2, 199801, 192493
2, 399981, 399493
2, 299843, 300000
2, 299993, 299038
2, 399534, 388674
2, 98802, 100000
2, 399995, 395631
2, 98606, 99951
2, 220579, 275844
2, 499998, 440198
2, 352065, 399993
2, 499838, 499953
2, 64540, 95335
2, 156099, 193528
2, 304843, 399613
2, 472015, 499973
2, 400000, 399594
2, 499818, 499290
2, 99999, 99831
2, 98329, 99998
2, 96449, 47752
2, 497257, 405817
2, 495081, 416318
2, 499960, 499904
2, 299088, 286115
2, 90362, 97013
2, 99986, 99440
2, 498848, 498819
2, 400000, 400000
2, 199422, 198560
2, 500000, 498602
2, 159282, 199910
2, 456204, 499996
2, 499219, 495743
2, 299979, 299215
2, 272421, 248765
2, 299814, 299996
2, 199999, 197770
2, 499898, 500000
2, 299587, 300000
2, 199692, 199777
2, 400000, 399841
2, 199989, 199972
2, 393301, 389120
2, 500000, 500000
2, 299998, 299915
2, 399761, 399753
2, 63835, 98791
2, 300000, 299998
2, 300000, 200687
2, 487454, 499998
2, 499968, 500000
2, 395744, 397643
2, 148511, 194691
2, 499998, 494418
2, 499976, 500000
2, 499797, 499911
2, 498685, 449334
2, 495048, 466641
2, 197717, 200000
2, 399998, 399997
2, 87546, 55619
2, 199794, 182193
2, 131739, 199990
2, 299556, 300000
2, 193002, 199977
2, 398187, 399003
2, 300000, 299977
2, 298455, 299997
2, 498719, 499989
2, 199386, 177891
2, 199713, 188342
2, 234589, 297644
2, 100000, 97067
2, 400000, 391025
2, 299988, 299977
2, 299997, 278811
2, 400000, 399980
2, 99998, 51085
2, 400000, 399995
2, 200000, 200000
2, 100000, 99995
2, 96805, 97043
2, 304433, 399981
2, 481717, 500000
2, 299998, 299998
2, 299995, 300000
2, 99987, 99998
2, 498647, 483581
2, 399986, 399834
2, 199998, 199883
2, 499913, 499995
2, 498353, 493664
2, 399881, 311986
2, 399997, 399996
2, 199997, 199679
2, 199198, 194587
2, 199994, 197047
2, 199593, 198054
2, 299366, 290900
2, 461126, 497238
2, 394981, 326542
2, 499985, 499994
2, 185078, 199651
2, 199996, 199997
2, 200000, 197928
2, 360331, 399950
2, 399993, 388585
2, 397726, 399902
2, 199902, 199994
2, 495994, 499998
2, 483650, 499995
2, 327618, 399731
2, 328211, 399084
2, 199821, 199997
2, 499953, 499973
2, 400000, 399842
2, 45723, 100000
2, 99984, 100000
2, 197678, 199888
2, 199980, 199999
2, 298505, 299987
2, 399996, 399188
2, 499987, 500000
2, 399971, 396105
2, 399894, 399714
2, 199979, 198356
2, 189313, 199998
2, 99397, 51781
2, 499863, 490607
2, 75086, 99996
2, 199997, 135335
2, 299999, 299993
2, 198860, 199971
2, 299721, 300000
2, 92513, 100000
2, 306323, 333453
2, 495000, 493455
2, 199975, 199994
2, 199966, 156304
2, 199990, 199935
2, 380938, 398283
2, 123694, 199930
2, 351352, 399872
2, 299997, 299998
2, 99994, 11787
2, 394719, 399935
2, 399996, 399862
2, 294890, 297254
2, 199854, 199932
2, 38611, 99997
2, 99994, 23683
2, 399999, 400000
2, 259658, 299511
2, 99284, 99978
2, 399985, 399796
2, 299790, 292656
2, 299999, 295487
2, 254100, 299865
2, 499836, 444059
2, 299999, 299986
2, 198829, 198902
2, 199782, 199246
2, 398266, 399689
2, 53575, 75401
2, 399148, 393541
2, 299870, 299661
2, 325124, 396451
2, 199999, 199398
2, 295979, 299900
2, 299497, 300000
2, 99998, 99484
2, 298999, 267701
2, 292656, 299638
2, 199994, 199979
2, 199890, 119975
2, 396383, 399874
2, 199790, 200000
2, 414725, 499864
2, 399489, 399856
2, 98324, 98441
2, 299177, 299999
2, 314278, 384841
2, 399999, 395085
2, 100000, 99618
2, 266326, 299923
2, 93083, 99997
2, 499742, 499999
2, 300000, 295480
2, 399928, 399999
2, 396960, 400000
2, 99939, 99943
2, 462539, 491188
2, 181196, 124791
2, 358453, 399520
2, 99293, 33263
2, 476654, 497193
2, 399531, 399956
2, 299927, 299996
2, 383304, 399978
2, 48561, 99999
2, 76932, 92020
2, 297300, 299945
2, 99986, 99385
2, 199504, 195379
2, 200000, 194848
2, 199939, 193209
2, 99971, 92586
2, 399997, 386430
2, 399995, 399999
2, 99967, 98824
2, 299846, 299992
2, 94330, 97298
2, 499574, 499955
2, 199995, 199998
2, 99724, 99981
2, 399986, 393859
2, 499865, 499891
2, 275269, 299655
2, 199928, 196457
2, 399977, 398594
2, 199878, 138517
2, 285949, 299965
2, 63817, 99999
2, 298995, 300000
2, 398111, 399999
2, 299909, 300000
2, 499885, 499987
2, 499998, 497320
2, 399980, 399854
2, 96840, 100000
2, 300000, 299944
2, 197378, 199816
2, 285212, 299965
2, 199902, 199692
2, 499999, 499849
2, 294234, 299796
2, 499980, 458193
2, 242514, 299988
2, 165717, 199938
2, 499816, 494201
2, 388481, 393351
2, 499310, 498570
2, 300000, 299833
2, 299996, 290813
2, 199998, 199540
2, 499907, 499444
2, 299999, 299908
2, 99998, 99996
2, 181791, 199888
2, 398628, 392712
2, 99988, 99998
2, 400000, 366810
2, 90592, 99999
2, 208963, 269940
2, 174342, 196278
2, 396738, 399994
2, 99950, 99930
2, 393058, 399181
2, 99998, 99793
2, 299857, 300000
2, 400000, 399969
2, 398569, 398198
2, 397690, 399999
2, 200000, 199680
2, 99907, 99016
2, 110938, 177440
2, 117674, 122179
2, 95741, 97814
2, 299911, 300000
2, 92554, 60551
2, 299997, 299262
2, 162885, 157505
2, 199952, 199540
2, 300000, 289990
2, 199998, 199985
2, 500000, 498043
2, 199994, 193075
2, 299961, 299888
2, 299979, 289303
2, 200000, 191745
2, 399985, 400000
2, 99984, 99941
2, 299268, 293922
2, 299968, 299787
2, 436325, 499698
2, 399993, 301782
2, 200000, 199960
2, 99811, 99982
2, 99726, 57386
2, 299986, 299972
2, 199832, 199848
2, 499997, 499973
2, 298000, 281553
2, 399973, 399370
2, 400000, 385450
2, 499974, 499996
2, 10916, 93060
2, 399999, 400000
2, 297922, 287549
2, 296190, 222871
2, 279262, 211920
2, 100000, 95572
2, 299995, 300000
2, 120660, 199913
2, 94163, 99482
2, 199922, 199997
2, 199751, 176031
2, 399196, 358553
2, 199997, 199425
2, 299755, 269314
2, 196988, 196881
2, 99994, 99990
2, 199997, 199903
2, 99857, 99999
2, 299617, 299992
2, 499981, 500000
2, 95649, 100000
2, 84913, 78925
2, 299894, 299954
2, 281500, 299992
2, 499993, 499992
2, 199283, 199993
2, 399933, 399869
2, 45054, 99813
2, 399970, 399998
2, 198982, 199997
2, 188076, 179281
2, 300000, 298531
2, 175520, 199967
2, 190999, 129436
2, 291332, 299986
2, 99010, 99976
2, 499998, 499852
2, 99995, 97181
2, 499130, 430707
2, 499983, 483610
2, 199993, 199997
2, 90552, 98696
2, 499880, 499992
2, 295951, 299990
2, 299996, 299600
2, 500000, 499997
2, 499528, 499481
2, 172890, 200000
2, 499491, 484161
2, 299999, 299999
2, 499984, 499998
2, 299991, 300000
2, 298514, 300000
2, 499969, 490369
2, 287789, 219137
2, 299951, 299998
2, 397781, 371323
2, 497924, 499993
2, 299488, 291971
2, 86881, 99997
2, 497589, 499995
2, 400000, 328044
2, 499957, 417610
2, 399994, 399704
2, 390947, 390471
2, 299894, 299998
2, 399995, 384268
2, 187255, 200000
2, 299998, 299957
2, 294605, 242089
2, 265023, 293310
2, 99767, 99605
2, 496784, 499427
2, 199643, 199992
2, 100000, 96433
2, 199991, 199692
2, 294111, 300000
2, 376814, 399039
2, 299999, 297748
2, 320993, 395905
2, 397879, 399912
2, 299869, 299996
2, 199839, 199434
2, 399855, 400000
2, 299963, 223620
2, 199984, 199969
2, 499999, 435582
2, 300000, 299981
2, 199806, 199991
2, 397282, 399934
2, 198611, 199562
2, 300000, 287581
2, 299935, 299115
2, 297510, 291875
2, 299956, 299996
2, 155158, 144750
2, 199993, 199982
2, 499729, 498829
2, 299934, 237211
2, 499991, 499999
2, 98797, 99142
2, 99979, 38664
2, 429040, 496473
2, 299996, 298214
2, 399976, 398981
2, 100000, 99998
2, 97325, 93716
2, 99348, 100000
2, 200000, 195595
2, 299989, 300000
2, 400000, 368145
2, 500000, 480311
2, 99997, 96506
2, 494100, 482988
2, 399481, 353603
2, 299998, 298938
2, 100000, 100000
2, 399989, 399941
2, 497892, 499990
2, 99993, 99536
2, 200000, 134014
2, 361957, 399999
2, 193115, 199995
2, 136958, 185402
2, 99782, 99998
2, 499999, 483623
2, 499998, 499981
2, 499786, 485633
2, 85236, 99991
2, 199021, 199889
2, 249931, 299151
2, 399999, 399997
2, 99355, 96505
2, 399943, 398616
2, 499955, 499266
2, 290784, 299929
2, 298218, 299980
2, 444700, 464540
2, 499948, 499633
2, 393853, 399661
2, 399936, 399871
2, 446938, 499281
2, 180737, 199991
2, 499968, 499935
2, 499599, 499880
2, 399931, 399638
2, 399978, 399815
2, 399982, 385605
2, 388342, 400000
2, 196264, 199902
2, 269346, 298942
2, 498301, 499990
2, 200000, 189760
2, 298978, 299998
2, 44034, 99992
2, 205334, 297162
2, 489396, 499852
2, 399993, 332187
2, 120273, 197912
2, 399997, 355710
2, 169629, 200000
2, 299974, 299803
2, 280321, 245287
2, 380051, 388861
2, 299006, 299657
2, 99953, 99543
2, 290006, 299970
2, 99687, 99999
2, 499975, 499734
2, 98033, 98698
2, 299997, 299559
2, 399976, 399618
2, 399859, 398985
2, 200000, 199983
2, 299968, 299661
2, 99921, 97078
2, 398143, 400000
2, 398561, 396884
2, 199999, 121324
2, 98793, 99998
2, 199996, 194677
2, 143766, 198818
2, 99849, 99961
2, 499992, 499736
2, 481317, 499995
2, 220432, 259114
2, 99894, 74967
2, 499762, 499997
2, 399943, 395103
2, 199990, 196784
2, 97033, 87960
2, 99996, 100000
2, 98000, 98809
2, 399999, 385632
2, 500000, 500000
2, 499991, 497755
2, 499920, 491884
2, 99930, 100000
2, 499508, 496471
2, 299995, 299897
2, 399994, 398851
2, 199218, 200000
2, 498842, 499949
2, 499998, 499954
2, 359597, 400000
2, 184097, 184791
2, 380828, 399999
2, 99977, 92070
2, 100000, 99730
2, 198757, 200000
2, 399851, 399892
2, 399777, 399399
2, 199959, 191994
2, 258951, 300000
2, 91537, 74648
2, 32895, 99969
2, 192898, 163657
2, 500000, 499345
2, 299998, 296403
2, 98184, 99907
2, 284589, 299956
2, 299390, 299629
2, 363730, 400000
2, 399152, 399999
2, 188007, 199976
2, 399991, 380760
2, 498401, 499670
2, 446435, 499171
2, 499999, 481662
2, 399985, 399975
2, 87215, 100000
2, 399993, 399603
2, 104048, 199991
2, 379475, 393432
2, 199997, 199987
2, 99837, 99969
2, 294123, 299238
2, 89159, 35168
2, 276508, 299886
2, 199954, 199926
2, 399924, 393597
2, 199990, 196890
2, 499983, 497934
2, 194935, 200000
2, 296470, 299997
2, 299991, 298302
2, 499808, 499865
2, 474930, 489720
2, 498227, 494881
2, 199702, 199996
2, 199999, 199969
2, 299868, 299994
2, 486675, 499718
2, 197613, 146177
2, 199783, 199996
2, 199994, 199717
2, 487261, 499990
2, 97352, 99953
2, 499652, 499999
2, 96474, 93408
2, 498281, 499967
2, 499949, 489469
2, 299996, 299322
2, 99757, 99994
2, 299629, 294407
2, 499977, 499967
2, 199817, 188835
2, 497098, 461974
2, 498595, 496440
2, 199880, 199736
2, 99981, 88389
2, 299999, 299991
2, 387046, 399111
2, 100000, 99995
2, 199889, 200000
2, 197074, 199936
2, 99993, 100000
2, 200000, 194793
2, 398005, 394005
2, 453196, 499994
2, 299994, 299997
2, 489197, 486080
2, 189859, 112698
2, 499823, 500000
2, 99923, 73273
2, 300000, 297802
2, 133593, 199999
2, 499805, 500000
2, 499944, 499996
2, 500000, 493176
2, 199161, 199958
2, 399997, 361341
2, 99956, 94343
2, 99619, 99999
2, 45520, 98691
2, 199988, 200000
2, 199993, 199999
2, 199963, 199791
2, 37696, 98923
2, 499938, 468946
2, 99956, 99989
2, 199996, 199134
2, 275460, 225152
2, 300000, 300000
2, 199911, 199996
2, 399999, 389214
2, 300000, 300000
2, 202024, 299757
2, 393245, 399997
2, 289604, 283322
2, 299815, 298533
2, 466074, 499996
2, 499941, 472284
2, 483511, 466791
2, 98794, 99985
2, 162417, 199993
2, 99862, 99965
2, 99998, 88644
2, 346731, 399377
2, 399928, 399993
2, 289970, 299999
2, 399870, 399989
2, 99983, 99907
2, 297857, 299870
2, 199998, 199996
2, 212101, 299992
2, 298844, 290368
2, 300000, 299822
2, 499892, 499986
2, 274397, 299992
2, 499999, 453859
2, 299999, 299624
2, 199991, 116115
2, 399962, 385474
2, 97880, 93903
2, 337706, 381895
2, 99302, 96982
2, 200000, 197729
2, 473084, 500000
2, 499639, 499537
2, 497706, 485799
2, 199764, 120299
2, 199945, 196905
2, 399975, 360965
2, 185083, 196623
2, 406477, 499998
2, 99988, 92444
2, 99882, 99992
2, 399999, 399634
2, 400000, 327967
2, 399723, 396748
2, 399875, 399973
2, 399873, 371995
2, 499938, 463840
2, 62147, 99691
2, 399948, 399253
2, 110062, 150879
2, 399989, 394339
2, 99984, 87780
2, 499051, 499994
2, 349800, 399996
2, 499992, 500000
2, 177943, 199972
2, 399986, 397451
2, 499617, 499962
2, 200000, 199935
2, 399934, 390448
2, 199982, 200000
2, 399835, 399998
2, 491014, 462794
2, 353151, 381792
2, 499966, 499998
2, 400000, 399969
2, 499994, 487891
2, 498640, 413324
2, 299972, 299986
2, 99980, 3800
2, 318322, 395430
2, 299999, 296547
2, 199999, 197806
2, 100000, 99396
2, 393592, 399878
2, 99071, 92853
2, 299866, 298753
2, 99999, 44616
2, 394888, 363191
2, 499999, 497405
2, 231617, 299409
2, 399893, 399995
2, 400000, 310059
2, 431354, 499995
2, 395607, 399999
2, 99982, 99999
2, 200000, 200000
2, 499997, 499971
2, 99985, 100000
2, 186223, 200000
2, 359082, 399994
2, 186058, 199998
2, 99906, 99679
2, 499964, 493943
2, 298833, 292394
2, 199146, 199947
2, 399596, 399929
2, 100000, 98513
2, 499993, 485688
2, 97159, 98898
2, 398652, 354859
2, 213592, 299923
2, 90415, 96624
2, 399246, 399152
2, 299997, 299635
2, 399999, 396978
2, 487370, 499960
2, 399797, 392672
2, 399649, 399576
2, 99960, 66987
2, 498793, 498211
2, 199995, 199863
2, 397754, 394047
2, 183223, 198278
2, 499997, 499999
2, 299998, 280836
2, 99988, 99826
2, 499992, 499775
2, 100000, 100000
2, 299995, 299999
2, 99998, 99998
2, 99833, 88988
2, 499928, 499997
2, 399985, 369403
2, 499878, 426350
2, 100000, 46173
2, 435325, 482312
2, 399992, 399955
2, 199995, 199992
2, 297219, 299998
2, 82452, 99876
2, 99193, 99795
2, 199910, 199180
2, 100000, 99547
2, 299094, 283644
2, 390553, 367414
2, 399994, 399984
2, 499612, 447871
2, 399981, 386679
2, 500000, 499998
2, 329186, 395312
2, 199998, 199991
2, 199985, 150979
2, 198471, 199907
2, 399997, 385449
2, 355019, 399990
2, 99863, 99978
2, 220669, 290683
2, 163909, 199997
2, 499999, 499589
2, 99967, 91735
2, 475458, 499999
2, 299218, 297942
2, 256694, 281927
2, 499989, 499998
2, 264059, 237817
2, 400000, 369953
2, 499969, 496668
2, 199967, 199997
2, 399802, 302581
2, 399989, 399946
2, 394211, 399998
2, 199926, 199996
2, 399958, 380903
2, 99995, 99999
2, 387476, 398692
2, 398841, 350341
2, 198567, 196723
2, 87700, 99999
2, 299930, 295384
2, 397076, 399998
2, 299931, 299970
2, 299997, 299963
2, 160890, 150038
2, 414978, 499999
2, 99900, 1745
2, 499953, 457037
2, 399999, 396748
2, 498870, 411344
2, 130778, 194988
2, 199991, 191903
2, 99989, 75318
2, 388447, 399991
2, 199988, 197012
2, 278989, 299209
2, 199988, 195884
2, 297915, 299977
2, 399993, 399315
2, 99284, 88603
2, 99959, 99895
2, 199982, 199939
2, 194494, 199472
2, 199893, 198570
2, 399608, 395033
2, 200000, 186036
2, 399909, 399999
2, 395269, 399114
2, 299676, 299998
2, 300000, 236528
2, 199943, 199952
2, 398677, 351205
2, 500000, 498817
2, 471426, 483370
2, 300665, 399382
2, 499836, 500000
2, 499968, 499996
2, 100000, 99999
2, 99875, 100000
2, 199709, 192132
2, 490374, 499979
2, 399991, 373111
2, 99998, 87912
2, 299767, 287131
2, 199877, 199992
2, 299915, 299847
2, 64082, 75155
2, 297632, 299993
2, 199843, 171821
2, 499997, 499993
2, 99944, 99999
2, 97712, 99900
2, 100000, 99825
2, 499987, 445692
2, 499396, 499999
2, 499998, 500000
2, 99998, 99977
2, 198632, 198850
2, 200000, 199993
2, 100000, 97063
2, 299956, 299910
2, 100000, 99995
2, 500000, 499998
2, 99996, 90590
2, 499738, 473254
2, 222493, 200955
2, 299973, 299861
2, 199997, 199927
2, 399898, 350245
2, 199827, 162807
2, 146898, 199940
2, 353751, 358822
2, 199998, 199882
2, 399387, 399991
2, 399749, 399996
2, 399366, 389945
2, 99988, 100000
2, 174779, 146992
2, 499957, 479320
2, 299998, 299868
2, 162206, 199954
2, 199918, 155267
2, 196945, 199789
2, 399901, 394223
2, 499965, 480530
2, 399666, 399993
2, 202782, 300000
2, 199937, 186679
2, 386234, 399994
2, 180667, 199962
2, 498883, 497146
2, 99998, 98767
2, 499999, 499878
2, 499910, 499945
2, 297935, 272006
2, 389937, 392817
2, 382931, 399994
2, 499993, 499991
2, 199998, 199223
2, 399969, 397280
2, 199998, 197036
2, 299991, 299935
2, 461911, 493413
2, 300000, 291120
2, 208081, 299963
2, 499583, 452961
2, 299479, 297521
2, 367811, 399872
2, 99747, 99997
2, 496179, 495123
2, 399845, 391402
2, 199630, 174500
2, 293100, 299925
2, 299992, 299993
2, 200000, 199996
2, 99998, 99972
2, 300000, 252795
2, 500000, 498136
2, 100000, 38213
2, 498239, 455398
2, 399137, 399888
2, 276266, 299614
2, 299980, 229511
2, 500000, 499935
2, 99836, 99946
2, 391303, 365046
2, 300000, 297388
2, 499293, 499986
2, 498378, 499975
2, 50866, 100000
2, 266554, 299978
2, 93791, 99927
2, 298644, 299999
2, 472444, 499116
2, 99767, 99993
2, 399999, 358367
2, 197293, 195845
2, 199221, 197676
2, 399190, 399481
2, 399967, 387176
2, 399042, 399671
2, 499999, 499026
2, 86820, 99958
2, 499884, 500000
2, 499954, 499998
2, 199901, 197369
2, 200000, 199378
2, 199976, 199983
2, 498122, 500000
2, 399869, 314943
2, 400000, 400000
2, 81369, 86901
2, 99923, 99978
2, 99948, 99118
2, 399997, 399996
2, 298390, 259573
2, 399855, 399985
2, 199959, 143371
2, 292719, 299666
2, 399993, 399998
2, 399953, 397715
2, 399895, 398734
2, 399987, 399987
2, 78997, 99996
2, 480203, 499810
2, 399524, 352921
2, 399953, 379084
2, 299959, 299999
2, 299990, 299913
2, 98911, 99997
2, 299998, 300000
2, 99999, 99652
2, 200000, 196408
2, 497643, 499997
2, 399993, 399803
2, 299864, 299968
2, 199003, 199985
2, 494693, 411731
2, 261427, 294650
2, 499741, 499207
2, 99983, 15071
2, 177338, 199981
2, 99995, 100000
2, 299995, 284594
2, 298253, 299999
2, 99892, 100000
2, 194906, 190325
2, 295436, 299990
2, 482566, 495368
2, 389300, 399032
2, 281059, 265831
2, 433879, 486267
2, 195834, 199998
2, 80889, 99391
2, 499960, 499998
2, 499366, 500000
2, 292104, 293989
2, 181206, 199988
2, 99996, 99682
2, 394266, 399871
2, 89680, 100000
2, 278478, 299998
2, 499972, 420456
2, 499125, 490355
2, 193854, 195316
2, 297636, 300000
2, 115446, 140788
2, 399997, 399478
2, 199891, 197790
2, 193303, 170012
2, 199916, 199998
2, 199990, 199997
2, 497015, 499999
2, 465308, 499989
2, 396972, 399713
2, 499999, 499986
2, 498912, 498421
2, 299886, 299866
2, 99885, 99973
2, 97090, 98797
2, 499417, 499546
2, 99986, 99999
2, 500000, 499374
2, 299779, 299354
2, 399995, 399804
2, 199997, 199736
2, 199987, 199991
2, 199989, 198552
2, 371881, 369069
2, 86725, 100000
2, 328867, 399946
2, 158698, 196203
2, 399999, 399318
2, 84397, 95300
2, 399944, 398397
2, 399737, 396270
2, 99766, 99205
2, 498738, 500000
2, 499921, 499999
2, 199999, 196341
2, 199998, 199999
2, 491979, 499649
2, 99733, 99998
2, 435905, 500000
2, 259758, 299798
2, 499778, 499990
2, 199856, 174015
2, 399999, 399561
2, 190473, 199998
2, 317652, 357194
2, 380989, 377556
2, 199385, 195489
2, 99999, 99966
2, 399995, 381241
2, 299980, 299999
2, 485961, 499688
2, 399983, 399980
2, 100000, 99721
2, 399875, 399991
2, 99037, 99997
2, 199377, 198821
2, 391940, 397658
2, 499701, 498285
2, 400000, 399964
2, 494725, 499987
2, 399994, 399859
2, 345268, 399991
2, 199829, 199967
2, 499985, 435323
2, 99963, 99963
2, 499997, 499869
2, 499728, 499961
2, 179072, 196119
2, 95450, 99831
2, 196636, 193161
2, 179799, 199908
2, 499441, 476382
2, 490157, 499635
2, 99985, 75578
2, 492306, 499943
2, 399951, 398859
2, 192147, 106572
2, 299982, 271803
2, 67181, 90723
2, 489203, 499987
2, 499991, 493006
2, 99999, 98926
2, 99984, 77849
2, 200000, 199875
2, 399371, 399993
2, 400000, 394939
2, 199295, 196088
2, 399622, 399999
2, 199988, 199971
2, 391669, 399988
2, 386746, 399085
2, 287123, 231294
2, 97438, 99932
2, 199595, 199201
2, 499998, 484751
2, 91407, 79342
2, 385600, 399503
2, 396554, 399967
2, 299898, 298487
2, 350693, 400000
2, 399999, 350183
2, 499720, 499883
2, 81091, 99999
2, 99987, 99987
2, 499995, 499946
2, 399938, 399992
2, 97944, 50735
2, 299449, 294587
2, 199382, 179205
2, 500000, 491789
2, 198010, 195025
2, 399479, 398859
2, 299993, 299985
2, 207428, 299946
2, 399983, 399999
2, 199668, 192224
2, 498928, 417100
2, 399680, 400000
2, 499986, 499867
2, 99996, 99580
2, 472049, 499954
2, 399960, 399912
2, 399976, 388115
2, 99999, 100000
2, 200000, 199902
2, 259944, 284062
2, 200000, 197143
2, 190638, 199976
2, 299996, 240369
2, 197083, 198641
2, 499822, 499104
2, 499974, 499992
2, 280592, 242358
2, 295898, 299891
2, 299856, 299941
2, 199999, 199562
2, 100000, 99989
2, 91664, 99969
2, 399999, 324420
2, 199999, 199915
2, 500000, 499277
2, 200000, 199255
2, 299997, 299939
2, 371802, 399557
2, 5953, 99643
2, 486787, 499773
2, 99956, 100000
2, 256265, 285915
2, 199987, 200000
2, 197317, 199322
2, 185963, 199184
2, 299999, 257092
2, 99967, 99927
2, 194125, 199958
2, 376265, 399812
2, 499473, 495401
2, 493806, 499977
2, 99616, 100000
2, 499685, 484285
2, 499652, 437081
2, 199791, 198839
2, 99956, 99956
2, 492365, 499995
2, 315570, 400000
2, 99987, 99847
2, 119679, 197753
2, 397845, 399989
2, 472358, 499997
2, 186204, 139648
2, 97709, 62981
2, 199994, 200000
2, 299655, 299940
2, 399031, 399996
2, 93999, 99126
2, 146952, 199530
2, 399521, 398706
2, 199960, 199467
2, 399979, 399516
2, 200955, 300000
2, 399976, 399909
2, 341649, 399581
2, 199768, 159361
2, 399949, 394954
2, 499984, 499056
2, 499995, 499824
2, 439253, 437671
2, 299999, 299923
2, 195446, 199984
2, 199972, 176659
2, 272067, 218731
2, 199691, 191036
2, 499999, 493332
2, 96093, 99159
2, 53517, 99966
2, 159521, 199761
2, 499959, 499983
2, 66293, 99684
2, 500000, 499947
2, 141134, 198451
2, 289757, 291219
2, 296128, 291454
2, 479032, 498031
2, 97039, 99853
2, 195148, 102168
2, 199172, 187409
2, 99980, 100000
2, 497853, 499989
2, 377996, 398903
2, 439246, 499869
2, 299975, 299981
2, 99390, 99995
2, 285860, 299971
2, 99962, 14410
2, 499995, 499998
2, 476304, 442818
2, 90854, 17162
2, 81060, 99996
2, 197069, 199923
2, 299228, 260300
2, 499996, 499999
2, 392989, 399996
2, 16735, 99685
2, 198488, 183922
2, 376241, 398173
2, 97030, 100000
2, 400000, 377928
2, 190831, 172174
2, 397803, 398584
2, 499719, 499879
2, 399982, 398545
2, 400000, 399612
2, 299309, 223022
2, 190192, 196956
2, 99997, 57240
2, 461687, 487637
2, 199981, 191777
2, 179269, 126379
2, 299989, 287968
2, 199999, 184999
2, 199997, 200000
2, 499993, 499863
2, 199956, 199990
2, 499991, 499784
2, 99996, 30414
2, 299991, 299999
2, 383923, 399749
2, 499999, 472626
2, 321796, 399997
2, 499751, 480267
2, 437912, 484615
2, 99999, 16079
2, 490510, 496518
2, 91851, 98884
2, 197285, 199492
2, 100000, 99995
2, 410385, 499996
2, 256782, 299974
2, 99994, 99944
2, 199563, 199996
2, 499863, 499996
2, 172764, 139712
2, 300000, 299995
2, 50946, 99999
2, 300000, 291442
2, 490219, 499853
2, 393246, 399976
2, 498746, 487840
2, 484669, 499997
2, 81149, 99531
2, 299960, 253000
2, 178346, 199997
2, 499997, 488075
2, 299993, 299996
2, 440032, 499940
2, 83716, 82648
2, 100000, 100000
2, 299889, 299998
2, 96988, 99977
2, 399783, 400000
2, 458571, 499264
2, 164460, 195471
2, 99976, 100000
2, 299995, 299955
2, 499966, 499975
2, 299548, 299996
2, 99995, 99551
2, 499999, 499999
2, 198924, 199999
2, 99621, 99972
2, 500000, 500000
2, 499858, 494477
2, 287440, 299999
2, 184344, 199956
2, 499998, 439759
2, 394894, 383662
2, 99957, 99766
2, 200000, 193258
2, 194118, 199936
2, 405454, 499523
2, 199654, 200000
2, 199814, 199999
2, 88395, 99931
2, 299480, 297291
2, 199958, 200000
2, 498805, 494444
2, 100000, 88689
2, 83836, 99920
2, 299969, 299998
2, 497375, 449225
2, 498936, 499957
2, 300000, 295289
2, 173649, 194684
2, 499878, 500000
2, 299949, 201384
2, 199972, 192775
2, 95964, 99862
2, 298333, 299819
2, 499953, 499997
2, 197321, 199999
2, 99847, 99993
2, 299996, 299833
2, 76322, 99145
2, 280114, 293835
2, 3133, 99957
2, 400000, 397773
2, 500000, 491952
2, 498724, 481108
2, 496559, 499995
2, 199918, 199774
2, 99935, 99969
2, 499881, 498359
2, 99909, 99880
2, 311110, 380585
2, 193236, 195043
2, 99827, 94103
2, 299750, 299321
2, 499429, 448466
2, 99943, 99936
2, 399995, 398998
2, 172833, 199869
2, 499058, 499988
2, 99883, 97694
2, 399969, 399531
2, 97831, 91245
2, 170469, 199970
2, 399996, 396058
2, 298701, 300000
2, 299716, 297950
2, 400000, 400000
2, 99996, 15052
2, 75060, 100000
2, 199998, 189686
2, 43557, 65596
2, 400000, 397290
2, 300000, 299989
2, 298596, 299974
2, 200000, 188397
2, 499809, 500000
2, 197144, 182237
2, 299853, 299797
2, 199999, 195333
2, 299376, 299424
2, 199319, 199858
2, 470366, 499946
2, 49497, 99999
2, 98394, 95456
2, 199291, 199004
2, 456410, 499044
2, 499443, 499967
2, 220231, 299929
2, 199990, 199930
2, 499047, 499833
2, 299652, 295738
2, 99897, 99995
2, 299992, 299995
2, 300000, 299996
2, 499882, 499970
2, 199234, 193943
2, 457864, 499965
2, 399990, 399996
2, 190230, 199991
2, 299998, 299999
2, 390456, 399901
2, 99566, 99869
2, 299983, 296894
2, 199982, 182559
2, 499992, 499969
2, 99982, 99896
2, 371000, 396345
2, 66497, 99924
2, 266710, 299939
2, 298834, 299998
2, 497079, 500000
2, 399990, 399885
2, 99998, 99998
2, 500000, 499992
2, 200000, 199999
2, 499060, 500000
2, 199834, 198691
2, 500000, 499862
2, 199886, 199747
2, 299805, 299995
2, 297079, 299969
2, 106249, 199646
2, 399866, 399998
2, 198060, 199969
2, 326567, 386402
2, 399991, 399940
2, 199720, 199924
2, 495319, 467733
2, 399581, 399998
2, 256751, 299710
2, 399988, 386167
2, 298904, 280880
2, 298549, 299981
2, 499950, 499156
2, 81780, 31162
2, 299988, 233162
2, 299985, 299972
2, 294141, 280343
2, 299752, 299640
2, 397704, 399989
2, 129871, 200000
2, 399967, 397394
2, 311000, 398742
2, 189497, 181198
2, 92685, 76761
2, 299998, 299603
2, 299998, 299956
2, 365009, 397147
2, 199997, 199792
2, 99603, 99998
2, 499995, 499998
2, 499410, 472892
2, 399851, 391470
2, 99667, 99595
2, 250366, 299739
2, 99852, 94479
2, 300000, 299996
2, 299999, 299789
2, 96547, 99555
2, 299938, 283630
2, 199986, 199307
2, 499952, 499997
2, 196518, 196047
2, 399934, 399935
2, 299577, 298218
2, 199936, 199986
2, 299783, 300000
2, 388937, 301053
2, 86329, 54939
2, 199582, 199996
2, 399998, 395536
2, 498919, 499055
2, 299986, 299941
2, 299995, 299994
2, 174759, 199977
2, 99772, 30380
2, 299998, 300000
2, 79136, 98158
2, 33721, 86966
2, 499958, 499997
2, 499998, 499989
2, 99998, 99999
2, 38746, 99996
2, 99934, 39435
2, 199502, 199999
2, 300000, 298867
2, 100000, 99972
2, 195868, 149126
2, 78812, 98071
2, 192852, 175408
2, 494709, 499321
2, 499961, 484504
2, 199986, 199635
2, 498874, 499993
2, 299902, 299964
2, 64560, 99936
2, 299819, 299718
2, 157909, 197176
2, 400000, 399739
2, 299837, 298728
2, 400000, 399947
2, 299993, 229217
2, 499641, 499966
2, 99952, 98907
2, 193273, 199686
2, 197456, 182292
2, 99972, 69303
2, 490320, 490766
2, 298522, 299989
2, 325690, 399917
2, 199988, 143023
2, 197648, 199277
2, 100000, 99032
2, 397626, 395692
2, 81541, 99999
2, 42494, 50071
2, 200000, 198615
2, 499989, 493107
2, 399998, 398275
2, 399860, 371921
2, 499997, 498827
2, 121838, 165046
2, 99981, 99977
2, 462673, 499960
2, 444592, 495302
2, 499939, 499998
2, 99758, 95625
2, 292916, 297000
2, 99997, 3608
2, 199990, 137107
2, 199859, 198397
2, 189842, 159722
2, 297447, 299394
2, 377853, 399553
2, 195258, 200000
2, 388407, 399983
2, 270682, 284544
2, 299124, 299548
2, 499994, 499989
2, 68942, 65745
2, 99917, 97277
2, 199758, 197105
2, 99698, 67997
2, 37597, 98635
2, 438075, 418266
2, 397501, 399992
2, 453215, 474123
2, 499689, 499999
2, 500000, 499998
2, 438714, 499725
2, 467836, 499978
2, 300000, 294228
2, 299952, 299928
2, 299909, 299651
2, 259229, 297914
2, 99992, 96694
2, 73559, 100000
2, 99921, 99992
2, 290524, 296337
2, 99998, 100000
2, 500000, 499165
2, 136642, 197957
2, 199959, 199972
2, 373348, 340101
2, 94148, 99986
2, 299819, 299490
2, 400000, 399993
2, 299764, 299999
2, 399844, 399925
2, 199908, 197833
2, 299986, 299894
2, 100000, 100000
2, 399995, 399998
2, 199992, 199993
2, 352009, 396970
2, 200000, 199997
2, 184607, 197472
2, 396321, 399999
2, 100000, 99978
2, 200000, 126632
2, 299989, 296705
2, 398749, 399645
2, 199990, 127259
2, 295838, 299699
2, 480240, 499639
2, 399994, 346513
2, 100000, 68217
2, 396835, 393053
2, 395324, 399928
2, 173796, 199860
2, 380207, 400000
2, 300000, 299867
2, 155055, 199987
2, 99866, 98860
2, 299986, 299992
2, 398618, 399713
2, 198213, 199992
2, 499976, 498086
2, 159072, 199891
2, 413439, 498421
2, 99346, 100000
2, 495567, 496856
2, 405967, 476732
2, 474913, 476931
2, 499981, 499999
2, 99998, 99999
2, 99960, 99930
2, 391231, 392811
2, 291991, 299999
2, 389462, 393498
2, 183402, 200000
2, 399729, 399991
2, 499909, 500000
2, 195504, 199947
2, 299998, 299914
2, 100000, 99056
2, 196138, 169699
2, 99985, 99979
2, 298778, 297827
2, 199843, 199374
2, 399997, 399989
2, 274349, 300000
2, 492215, 498806
2, 200000, 199971
2, 399947, 399197
2, 299990, 299880
2, 399940, 400000
2, 499986, 496841
2, 318149, 399961
2, 499941, 499994
2, 390367, 399990
2, 199969, 199922
2, 99556, 99886
2, 198229, 181011
2, 99628, 99540
2, 100000, 99835
2, 499908, 499999
2, 496066, 499808
2, 399999, 399995
2, 482142, 499024
2, 191765, 186914
2, 483546, 499834
2, 499695, 482068
2, 499859, 499997
2, 92399, 99781
2, 399997, 399999
2, 299788, 299178
2, 99996, 98989
2, 397180, 371901
2, 394066, 399975
2, 299802, 299984
2, 197805, 114015
2, 498538, 499794
2, 395733, 315794
2, 499998, 499703
2, 199985, 196033
2, 299998, 237721
2, 399865, 399991
2, 99843, 98630
2, 197486, 198027
2, 99897, 82459
2, 489573, 487679
2, 499998, 499606
2, 399883, 399991
2, 393075, 399827
2, 199993, 194642
2, 299184, 299999
2, 499812, 499998
2, 498761, 495203
2, 499752, 499965
2, 107262, 198595
2, 397708, 373484
2, 497978, 489732
2, 1628, 98289
2, 182708, 197518
2, 199987, 199946
2, 299995, 299904
2, 299168, 284981
2, 99993, 81439
2, 399970, 371187
2, 299999, 299508
2, 199896, 158528
2, 492994, 493241
2, 200000, 199946
2, 199582, 197712
2, 299884, 300000
2, 473267, 499991
2, 199998, 199996
2, 199987, 197506
2, 199998, 199983
2, 93466, 99998
2, 176124, 199996
2, 396252, 399914
2, 399993, 399997
2, 299996, 298718
2, 299816, 299997
2, 297904, 299996
2, 493519, 500000
2, 499949, 500000
2, 97814, 38482
2, 99991, 73440
2, 499973, 404957
2, 299999, 294445
2, 99998, 99023
2, 107312, 199636
2, 299999, 290749
2, 400000, 369327
2, 298680, 299825
2, 415782, 499996
2, 310993, 398697
2, 6666, 100000
2, 99991, 99989
2, 398763, 395000
2, 200000, 130586
2, 99998, 99999
2, 99999, 99988
2, 479534, 499988
2, 199999, 199998
2, 299986, 276961
2, 399333, 399967
2, 500000, 499994
2, 91758, 98551
2, 229932, 299999
2, 399969, 399976
2, 299703, 299965
2, 299994, 299824
2, 300000, 299842
2, 199982, 158821
2, 299344, 300000
2, 399933, 399993
2, 199898, 193163
2, 99960, 99521
2, 97094, 91162
2, 282880, 288859
2, 188636, 199994
2, 372778, 399993
2, 339635, 399997
2, 499999, 422222
2, 192632, 199952
2, 238518, 297363
2, 81793, 99983
2, 367790, 356374
2, 399993, 396515
2, 299814, 299229
2, 199814, 199981
2, 153530, 186552
2, 99441, 99973
2, 189723, 141587
2, 199991, 198861
2, 199991, 122898
2, 95456, 99993
2, 99568, 99178
2, 279094, 299993
2, 398810, 384562
2, 400000, 394023
2, 299856, 299998
2, 499983, 496054
2, 97687, 99970
2, 99935, 96694
2, 87066, 95344
2, 198626, 133352
2, 399973, 324419
2, 299062, 300000
2, 497184, 498812
2, 499569, 499980
2, 59780, 77081
2, 98997, 99863
2, 495242, 499988
2, 399977, 396729
2, 99921, 99352
2, 290867, 298056
2, 95393, 99275
2, 191086, 197898
2, 146296, 199980
2, 462456, 499992
2, 255888, 299413
2, 500000, 499997
2, 300000, 299999
2, 299991, 297331
2, 497135, 499990
2, 388655, 399971
2, 199945, 175701
2, 287518, 251333
2, 299960, 292265
2, 400000, 388253
2, 99999, 99676
2, 499997, 499999
2, 339621, 399951
2, 99987, 99314
2, 199982, 199991
2, 299434, 221951
2, 299770, 273558
2, 295594, 295091
2, 99971, 99998
2, 242194, 297786
2, 88883, 97439
2, 399989, 335228
2, 121880, 198908
2, 300000, 264992
2, 299998, 201455
2, 199989, 199997
2, 299971, 262379
2, 299998, 299993
2, 139, 98459
2, 213002, 294290
2, 99996, 99999
2, 298583, 246463
2, 399997, 399989
2, 283587, 299406
2, 287891, 299995
2, 199715, 176311
2, 499713, 500000
2, 399998, 399992
2, 299989, 299966
2, 200000, 195680
2, 499998, 491125
2, 473922, 497636
2, 99989, 99999
2, 298278, 300000
2, 299987, 247365
2, 399972, 400000
2, 382673, 399975
2, 99966, 53777
2, 499021, 499942
2, 199942, 163895
2, 99998, 99994
2, 199142, 199996
2, 499998, 497189
2, 399995, 399993
2, 199846, 199714
2, 497897, 499999
2, 299868, 299998
2, 299957, 297670
2, 299791, 261667
2, 270113, 299878
2, 497640, 415707
2, 296448, 298816
2, 199722, 199999
2, 499939, 499937
2, 83795, 92521
2, 498840, 499994
2, 299998, 299999
2, 491914, 500000
2, 399811, 319047
2, 199999, 198582
2, 99964, 97142
2, 137288, 199771
2, 299997, 299988
2, 499863, 499993
2, 299998, 299910
2, 482804, 499716
2, 445235, 492257
2, 375601, 399921
2, 196202, 156026
2, 471333, 499820
2, 390883, 398551
2, 498719, 500000
2, 89285, 100000
2, 197480, 199606
2, 492353, 496845
2, 299770, 299459
2, 99993, 97720
2, 185145, 186939
2, 499617, 499954
2, 499865, 496799
2, 299994, 294009
2, 199998, 158761
2, 500000, 429119
2, 499986, 499995
2, 199999, 199994
2, 299781, 299949
2, 399998, 400000
2, 100000, 99956
2, 299999, 261178
2, 499907, 499997
2, 293596, 299994
2, 383415, 399771
2, 299992, 290300
2, 94374, 99873
2, 299913, 299995
2, 399507, 395934
2, 299995, 299921
2, 300000, 292806
2, 199999, 199940
2, 89161, 99748
2, 399991, 399951
2, 197362, 176851
2, 499949, 499998
2, 311593, 362975
2, 199994, 199941
2, 99987, 99444
2, 200000, 199613
2, 416040, 498491
2, 364420, 399188
2, 496876, 499983
2, 100000, 99995
2, 99619, 99997
2, 251497, 299599
2, 292676, 299448
2, 99998, 69071
2, 483533, 499947
2, 388455, 400000
2, 99629, 99996
2, 399998, 399996
2, 399151, 400000
2, 499997, 498848
2, 198741, 153803
2, 174645, 167702
2, 399200, 399794
2, 103943, 198468
2, 499824, 499973
2, 391336, 397894
2, 498827, 499637
2, 396325, 395558
2, 499990, 499876
2, 197049, 199731
2, 199954, 198826
2, 399999, 399752
2, 99913, 39275
2, 392586, 400000
2, 399979, 399254
2, 299959, 288359
2, 299994, 300000
2, 188100, 199916
2, 299999, 299758
2, 299895, 296830
2, 199999, 199987
2, 296580, 299897
2, 497332, 499316
2, 198600, 165056
2, 299194, 295662
2, 100000, 98473
2, 299846, 299995
2, 99582, 99454
2, 99989, 97305
2, 299993, 299512
2, 295940, 299996
2, 296422, 298493
2, 199921, 199998
2, 300000, 203351
2, 498259, 499990
2, 297722, 300000
2, 494976, 499712
2, 198360, 199877
2, 198799, 199997
2, 199994, 199824
2, 499915, 497818
2, 199996, 189936
2, 400000, 387209
2, 393796, 399917
2, 484255, 499992
2, 128165, 175867
2, 197387, 198544
2, 286807, 299999
2, 499999, 497916
2, 291353, 298612
2, 197369, 198620
2, 99984, 99999
2, 299778, 299979
2, 99999, 53630
2, 301129, 399986
2, 299994, 293858
2, 500000, 499887
2, 299560, 299972
2, 481723, 416876
2, 297921, 264837
2, 99842, 99181
2, 199704, 199999
2, 399773, 392740
2, 399884, 399463
2, 399917, 397981
2, 95969, 87221
2, 399982, 399792
2, 298745, 299976
2, 94185, 99994
2, 399996, 398870
2, 335403, 399781
2, 90861, 95679
2, 200000, 199960
2, 398947, 399731
2, 499370, 500000
2, 267465, 299999
2, 293078, 300000
2, 385679, 399992
2, 299896, 299982
2, 299995, 300000
2, 299999, 298263
2, 199999, 199990
2, 99998, 99988
2, 400000, 399994
2, 495531, 490455
2, 397200, 399990
2, 499918, 499795
2, 78769, 79147
2, 399999, 399858
2, 399994, 355115
2, 99928, 99626
2, 299792, 281320
2, 259057, 299804
2, 199986, 199996
2, 99248, 100000
2, 198305, 195177
2, 373736, 385668
2, 190202, 192871
2, 299200, 299997
2, 350970, 385009
2, 199998, 199270
2, 193684, 199964
2, 99946, 60452
2, 398340, 399960
2, 299999, 299994
2, 99977, 100000
2, 197110, 199998
2, 194274, 200000
2, 157474, 187237
2, 299301, 299976
2, 378933, 399538
2, 299874, 234332
2, 300000, 299891
2, 98182, 98421
2, 200000, 199952
2, 98878, 99965
2, 499997, 499993
2, 399935, 399989
2, 397508, 399591
2, 199270, 199660
2, 199952, 199687
2, 100000, 100000
2, 500000, 499992
2, 499576, 499450
2, 99984, 100000
2, 399985, 400000
2, 299990, 299065
2, 289499, 300000
2, 299451, 299961
2, 399994, 343582
2, 199875, 198994
2, 285457, 286416
2, 85290, 53595
2, 499832, 499920
2, 78402, 99724
2, 199930, 199657
2, 199993, 104868
2, 99999, 93948
2, 99995, 99980
2, 99457, 12513
2, 282892, 300000
2, 499996, 496885
2, 199970, 199944
2, 399977, 399245
2, 99999, 100000
2, 299797, 299980
2, 399991, 350346
2, 358841, 399798
2, 99932, 99992
2, 136153, 185914
2, 199981, 200000
2, 299803, 299991
2, 286957, 299864
2, 363171, 399968
2, 500000, 499992
2, 199999, 199993
2, 433158, 499996
2, 199989, 196566
2, 99998, 99471
2, 386856, 399978
2, 99404, 99205
2, 199993, 188040
2, 499945, 494760
2, 199999, 156112
2, 299999, 287145
2, 499951, 453101
2, 499193, 499998
2, 199772, 199829
2, 199989, 198389
2, 492388, 499786
2, 296170, 300000
2, 137933, 199719
2, 287689, 299208
2, 297018, 232924
2, 300000, 280288
2, 493817, 499707
2, 93012, 99994
2, 399995, 399965
2, 297064, 299999
2, 200000, 181250
2, 499990, 483288
2, 399910, 399705
2, 199978, 173354
2, 199993, 199956
2, 294000, 299970
2, 297940, 299752
2, 299998, 299090
2, 99538, 97325
2, 399999, 399992
2, 199986, 199807
2, 299994, 295727
2, 399531, 399973
2, 99970, 95899
2, 173164, 177157
2, 499709, 499996
2, 299803, 277148
2, 399968, 399986
2, 100000, 100000
2, 192980, 198516
2, 98256, 99999
2, 299945, 299882
2, 399538, 399987
2, 195003, 199995
2, 99935, 97668
2, 193824, 191566
2, 187424, 199982
2, 418141, 499966
2, 199952, 154133
2, 476970, 499330
2, 99946, 99983
2, 299906, 299994
2, 298936, 298850
2, 198301, 198993
2, 499902, 499998
2, 499977, 497660
2, 299910, 294987
2, 297146, 298451
2, 477122, 498656
2, 99979, 99722
2, 195207, 199995
2, 199965, 199999
2, 199997, 199045
2, 95559, 91854
2, 199998, 199996
2, 499806, 477331
2, 299864, 299983
2, 99878, 99948
2, 200000, 199997
2, 415572, 476627
2, 492747, 499883
2, 299179, 300000
2, 399984, 399203
2, 42740, 99999
2, 499952, 415773
2, 499889, 499716
2, 399675, 394237
2, 99998, 99118
2, 499998, 499995
2, 278422, 299277
2, 396893, 399980
2, 199961, 190733
2, 200000, 198700
2, 299972, 299998
2, 199478, 199675
2, 499203, 495523
2, 96912, 99700
2, 199971, 198482
2, 99999, 99912
2, 499979, 499853
2, 300000, 300000
2, 398334, 399973
2, 299804, 255512
2, 246258, 299973
2, 457033, 500000
2, 99999, 99939
2, 399902, 400000
2, 294240, 299990
2, 496085, 499379
2, 199997, 186119
2, 296155, 298076
2, 499757, 406922
2, 199970, 199995
2, 199998, 198972
2, 389253, 399992
2, 99907, 100000
2, 399937, 400000
2, 399371, 399949
2, 98849, 89572
2, 476620, 492019
2, 298757, 299998
2, 203334, 245853
2, 92469, 30341
2, 499993, 497360
2, 177566, 199441
2, 299996, 299967
2, 99999, 99670
2, 244083, 299989
2, 399866, 400000
2, 397242, 371751
2, 430574, 499994
2, 199985, 199620
2, 500000, 476749
2, 299954, 288694
2, 75935, 94652
2, 199730, 199925
2, 99999, 81008
2, 295169, 299959
2, 399895, 368702
2, 355189, 399971
2, 499668, 499992
2, 358423, 399992
2, 499754, 499945
2, 199995, 173875
2, 109520, 199984
2, 99993, 99999
2, 399996, 380918
2, 99993, 99786
2, 299955, 254967
2, 199818, 199996
2, 400000, 399941
2, 399991, 400000
2, 100000, 99997
2, 199996, 199719
2, 99910, 81908
2, 99838, 99885
2, 266688, 299377
2, 99733, 18735
2, 99896, 99762
2, 99862, 99995
2, 196566, 199690
2, 1616, 99509
2, 100000, 99880
2, 299985, 299617
2, 499219, 496213
2, 299228, 299979
2, 492384, 487601
2, 349043, 389910
2, 299992, 299981
2, 400000, 386209
2, 98182, 100000
2, 197520, 200000
2, 200000, 199909
2, 499991, 499446
2, 200000, 126680
2, 199996, 177458
2, 299997, 299981
2, 99930, 92203
2, 299996, 298349
2, 196934, 199565
2, 100000, 100000
2, 79117, 99845
2, 499925, 499996
2, 292062, 299997
2, 99988, 98080
2, 498670, 499990
2, 97726, 99999
2, 339877, 397207
2, 497790, 499998
2, 299832, 299996
2, 342996, 380837
2, 499416, 496863
2, 184810, 199772
2, 40797, 41484
2, 293413, 299491
2, 89000, 99997
2, 199145, 199960
2, 399950, 389884
2, 199997, 199987
2, 199932, 199996
2, 299994, 300000
2, 399964, 399908
2, 499359, 492089
2, 199550, 190181
2, 299971, 299259
2, 297883, 299965
2, 379172, 399696
2, 499986, 499757
2, 496823, 499999
2, 189715, 189388
2, 154839, 194788
2, 200000, 199751
2, 199468, 199992
2, 388148, 400000
2, 299937, 298320
2, 99993, 99994
2, 488878, 470286
2, 460294, 499995
2, 199987, 197694
2, 99965, 91117
2, 194173, 199960
2, 190657, 199998
2, 389602, 399991
2, 99910, 99988
2, 83879, 99992
2, 499968, 494957
2, 496103, 491204
2, 199998, 199988
2, 499421, 499974
2, 199649, 199995
2, 399468, 385310
2, 399998, 399564
2, 295435, 299999
2, 98790, 99959
2, 29965, 99989
2, 193509, 177893
2, 99347, 99997
2, 84950, 96804
2, 300000, 299999
2, 480179, 497868
2, 299920, 299876
2, 300000, 299997
2, 499994, 470906
2, 200000, 173041
2, 165562, 199937
2, 498652, 500000
2, 92185, 94247
2, 199971, 198461
2, 299996, 296692
2, 489667, 499366
2, 458503, 499997
2, 431230, 481749
2, 199998, 198827
2, 297370, 299995
2, 399993, 399999
2, 298010, 293664
2, 84479, 99994
2, 79748, 99999
2, 289928, 286903
2, 299993, 299999
2, 500000, 498717
2, 499358, 499959
2, 199898, 199543
2, 299881, 299953
2, 397150, 399977
2, 498545, 498340
2, 199939, 182723
2, 199989, 199974
2, 298530, 299996
2, 199990, 199089
2, 99912, 99670
2, 78024, 82128
2, 399975, 397209
2, 99990, 46824
2, 267352, 299999
2, 199995, 197950
2, 399987, 399985
2, 392889, 399856
2, 500000, 499711
2, 370218, 399625
2, 199989, 199994
2, 99994, 16776
2, 483170, 499986
2, 193570, 127506
2, 299118, 299981
2, 196409, 199996
2, 460941, 499784
2, 299855, 295236
2, 399885, 389308
2, 399998, 393750
2, 396155, 399885
2, 199544, 199926
2, 163777, 199915
2, 498701, 499963
2, 199249, 199957
2, 499488, 492061
2, 99364, 99996
2, 96835, 99985
2, 199652, 200000
2, 399870, 399984
2, 199932, 144140
2, 99990, 51400
2, 463274, 465836
2, 298874, 299997
2, 199995, 199888
2, 197980, 199870
2, 399915, 399963
2, 399374, 399932
2, 499882, 500000
2, 95480, 94543
2, 95828, 96798
2, 499290, 498839
2, 196788, 199947
2, 500000, 499634
2, 99999, 99468
2, 299996, 299956
2, 299995, 299977
2, 396215, 399918
2, 99598, 99554
2, 99986, 99813
2, 399998, 323643
2, 299828, 299930
2, 199919, 199997
2, 99999, 99508
2, 500000, 499562
2, 399974, 399519
2, 398777, 388810
2, 99485, 95246
2, 181742, 199932
2, 98748, 99987
2, 498412, 481748
2, 199987, 199999
2, 499998, 496446
2, 266741, 295971
2, 199996, 199930
2, 393842, 399240
2, 70411, 99998
2, 157300, 199952
2, 200000, 199998
2, 299304, 299966
2, 199985, 200000
2, 414404, 499880
2, 490429, 499483
2, 81773, 99363
2, 299884, 294394
2, 299985, 201912
2, 124907, 199999
2, 500000, 499719
2, 399198, 377350
2, 395497, 374767
2, 500000, 499981
2, 470895, 499996
2, 92582, 79099
2, 159142, 199521
2, 99926, 49131
2, 399981, 393333
2, 299966, 299967
2, 298029, 285030
2, 499981, 497192
2, 99987, 99998
2, 499889, 499751
2, 298867, 250616
2, 314157, 389779
2, 224905, 299890
2, 24568, 99977
2, 146792, 199987
2, 182550, 191941
2, 299997, 299999
2, 289586, 293053
2, 396548, 349058
2, 499902, 499987
2, 400000, 397698
2, 500000, 499998
2, 382780, 400000
2, 99998, 99965
2, 478178, 500000
2, 146464, 199999
2, 199173, 200000
2, 199789, 199999
2, 499300, 499965
2, 399791, 399999
2, 274067, 299845
2, 100000, 99992
2, 99987, 99998
2, 275996, 299725
2, 399999, 361625
2, 299987, 290126
2, 394112, 399992
2, 499579, 499996
2, 100000, 96904
2, 264752, 297024
2, 99997, 11184
2, 300000, 299149
2, 299995, 201876
2, 99998, 99983
2, 199999, 199714
2, 199976, 190125
2, 298874, 299986
2, 217775, 299996
2, 186133, 183968
2, 499993, 499172
2, 293441, 299999
2, 167331, 199930
2, 172936, 198476
2, 364501, 377056
2, 199900, 199958
2, 385953, 400000
2, 499925, 500000
2, 494120, 500000
2, 299623, 299998
2, 97461, 99019
2, 199998, 199946
2, 300000, 297651
2, 299983, 300000
2, 299896, 205279
2, 399899, 381130
2, 299999, 299851
2, 100000, 99851
2, 8710, 99791
2, 99946, 99990
2, 199974, 199995
2, 30123, 99856
2, 293079, 300000
2, 99985, 99251
2, 99382, 14021
2, 299999, 296267
2, 99810, 99959
2, 99923, 99996
2, 99997, 99997
2, 498531, 500000
2, 99834, 97809
2, 89885, 99989
2, 194581, 198185
2, 394079, 398702
2, 31905, 93978
2, 499932, 497970
2, 299994, 297393
2, 99778, 99817
2, 194936, 199998
2, 395336, 399063
2, 186637, 198456
2, 399988, 399998
2, 399998, 399999
2, 399994, 378166
2, 499994, 499596
2, 335834, 399414
2, 99821, 100000
2, 299928, 299987
2, 198935, 199849
2, 399976, 399420
2, 199922, 199999
2, 499999, 499917
2, 87299, 73573
2, 399995, 399968
2, 99416, 99985
2, 299998, 298309
2, 298664, 290206
2, 499998, 499999
2, 399336, 399953
2, 98690, 99997
2, 398881, 359341
2, 100000, 98642
2, 299898, 226672
2, 500000, 499990
2, 294446, 299550
2, 99994, 99970
2, 398726, 391130
2, 193190, 199540
2, 219621, 290119
2, 499927, 500000
2, 493277, 400858
2, 299234, 298896
2, 452313, 499980
2, 199694, 200000
2, 199989, 199990
2, 199948, 117382
2, 499979, 499832
2, 394809, 399822
2, 499848, 499993
2, 299999, 287818
2, 299477, 299999
2, 298753, 299992
2, 199378, 182768
2, 135094, 193669
2, 100000, 86570
2, 499852, 496998
2, 193056, 198698
2, 98960, 99759
2, 387973, 397428
2, 499994, 500000
2, 199152, 198860
2, 499241, 499999
2, 199994, 188419
2, 99990, 20779
2, 398676, 400000
2, 499824, 499954
2, 396634, 400000
2, 199946, 199997
2, 179371, 190700
2, 199993, 199165
2, 199972, 191577
2, 200000, 199822
2, 399979, 393280
2, 310190, 399857
2, 99999, 99999
2, 199630, 199917
2, 392076, 399930
2, 399998, 351295
2, 99992, 89131
2, 499995, 499562
2, 100000, 99357
2, 399983, 397871
2, 499944, 499881
2, 3152, 99996
2, 399994, 399526
2, 488576, 449109
2, 499968, 499984
2, 99899, 99996
2, 500000, 500000
2, 475310, 499997
2, 499997, 499851
2, 299999, 299941
2, 297309, 300000
2, 445407, 490511
2, 399964, 399862
2, 498292, 500000
2, 465728, 471161
2, 199173, 157833
2, 198279, 199131
2, 499995, 499936
2, 222298, 299161
2, 488560, 489420
2, 289612, 299987
2, 99527, 74568
2, 398529, 343386
2, 399994, 399968
2, 400000, 395859
2, 64483, 99987
2, 99997, 99913
2, 89924, 99997
2, 312852, 399999
2, 399813, 399991
2, 399782, 374815
2, 199954, 182541
2, 299984, 295787
2, 399727, 400000
2, 500000, 499900
2, 199930, 199971
2, 99381, 76396
2, 398635, 390158
2, 296724, 299883
2, 399984, 399242
2, 99427, 95991
2, 399778, 399985
2, 499900, 490190
2, 199996, 199945
2, 396846, 336812
2, 76861, 99999
2, 199683, 117052
2, 196833, 199995
2, 99425, 99929
2, 199997, 191045
2, 200000, 199995
2, 399922, 400000
2, 379856, 399628
2, 499316, 499804
2, 99926, 100000
2, 198312, 199827
2, 399964, 360918
2, 199518, 199703
2, 163650, 199992
2, 299762, 299799
2, 200000, 195380
2, 299983, 291204
2, 99896, 99969
2, 199925, 199941
2, 198899, 200000
2, 199986, 199823
2, 99925, 97578
2, 99997, 99993
2, 389289, 399990
2, 299944, 299995
2, 500000, 490400
2, 99987, 91554
2, 399997, 399184
2, 296380, 299997
2, 299997, 300000
2, 299784, 299943
2, 298214, 298364
2, 99851, 98627
2, 399116, 399998
2, 398739, 399717
2, 392639, 399271
2, 399993, 393678
2, 399983, 399886
2, 399649, 300452
2, 399994, 399991
2, 282487, 299127
2, 270751, 299994
2, 391885, 399995
2, 499978, 499987
2, 399531, 344441
2, 499999, 499686
2, 442211, 499994
2, 94776, 99017
2, 393368, 399937
2, 159534, 199994
2, 22948, 99803
2, 399976, 392291
2, 299972, 299924
2, 399985, 399994
2, 399995, 310224
2, 399475, 396441
2, 399148, 397469
2, 298221, 299830
2, 399986, 328891
2, 292723, 299982
2, 385852, 346395
2, 99727, 99975
2, 398424, 335524
2, 498382, 497782
2, 483103, 492695
2, 299458, 300000
2, 297934, 299794
2, 399938, 399997
2, 196254, 199781
2, 299687, 298570
2, 499980, 494945
2, 99986, 100000
2, 99992, 70721
2, 199450, 143234
2, 200000, 199998
2, 256212, 290508
2, 199999, 199862
2, 496451, 499950
2, 199767, 199950
2, 294453, 292179
2, 499931, 499978
2, 200000, 199613
2, 99999, 97860
2, 199991, 197796
2, 299613, 299999
2, 100000, 99995
2, 99998, 99993
2, 299992, 258481
2, 388798, 399602
2, 499995, 432767
2, 298365, 296721
2, 99987, 87771
2, 399906, 399988
2, 298269, 298332
2, 212982, 300000
2, 198852, 197820
2, 399984, 399985
2, 199814, 176163
2, 499694, 499998
2, 398221, 399627
2, 499985, 499999
2, 199725, 199982
2, 399965, 399736
2, 299620, 299994
2, 299073, 299816
2, 199948, 195767
2, 399229, 399960
2, 299681, 297754
2, 299916, 299998
2, 100000, 54155
2, 65527, 88210
2, 199931, 199998
2, 71778, 99999
2, 199994, 196505
2, 399999, 313170
2, 498284, 499999
2, 399754, 399973
2, 289755, 290374
2, 500000, 478509
2, 299688, 299751
2, 500000, 500000
2, 199958, 198847
2, 399406, 399999
2, 421515, 498530
2, 299625, 299707
2, 279979, 288225
2, 99991, 99876
2, 99912, 99882
2, 197074, 195378
2, 99749, 99992
2, 99998, 11182
2, 199886, 199987
2, 397285, 385996
2, 499915, 498133
2, 97901, 16105
2, 400000, 399938
2, 190627, 199999
2, 199993, 198222
2, 499446, 499626
2, 400000, 387262
2, 399108, 399745
2, 399998, 400000
2, 199954, 199923
2, 299998, 300000
2, 299998, 297995
2, 198261, 199993
2, 99418, 100000
2, 299259, 267612
2, 399850, 399409
2, 198857, 183822
2, 499903, 499873
2, 285922, 296653
2, 499441, 499079
2, 399533, 399991
2, 168404, 139459
2, 299998, 299976
2, 399266, 399999
2, 90538, 99997
2, 299796, 299999
2, 399996, 399467
2, 98501, 94828
2, 399985, 399902
2, 496954, 499945
2, 299600, 298095
2, 475506, 499996
2, 199996, 199747
2, 298877, 299697
2, 299155, 299997
2, 299854, 299993
2, 199964, 199998
2, 398745, 399999
2, 398834, 399304
2, 198930, 199043
2, 299998, 300000
2, 199976, 199998
2, 379005, 319555
2, 500000, 499320
2, 189059, 199995
2, 399991, 399929
2, 399990, 400000
2, 399994, 399998
2, 299998, 299916
2, 172491, 199998
2, 297476, 299998
2, 99998, 99998
2, 299995, 296086
2, 299997, 280314
2, 399987, 399998
2, 299985, 299767
2, 312291, 399995
2, 300000, 299999
2, 194854, 199999
2, 199996, 200000
2, 299962, 299965
2, 299782, 299861
2, 299996, 299867
2, 195643, 200000
2, 446002, 498300
2, 95925, 99995
2, 499623, 494524
2, 430011, 499957
2, 296268, 299754
2, 100000, 99930
2, 293839, 299939
2, 99998, 99993
2, 294044, 300000
2, 199928, 199972
2, 199723, 199990
2, 299339, 300000
2, 397879, 399994
2, 470954, 499955
2, 299876, 299999
2, 419195, 499962
2, 182700, 199602
2, 99968, 13018
2, 199999, 199985
2, 99509, 3491
2, 299995, 292963
2, 199961, 199889
2, 199494, 186930
2, 399801, 399627
2, 299995, 299956
2, 499977, 500000
2, 399998, 399992
2, 93741, 98348
2, 99542, 100000
2, 393663, 399925
2, 299967, 299912
2, 100000, 27282
2, 299864, 294107
2, 298310, 300000
2, 194743, 198573
2, 499949, 500000
2, 499797, 496932
2, 98362, 84743
2, 257125, 299924
2, 99884, 47312
2, 496497, 499999
2, 199955, 194951
2, 499992, 499439
2, 399848, 399993
2, 499988, 493476
2, 199984, 199788
2, 228692, 299989
2, 199933, 198620
2, 499270, 481326
2, 197175, 200000
2, 200000, 199983
2, 191686, 199996
2, 99990, 99716
2, 23915, 99888
2, 299977, 299996
2, 99997, 99888
2, 481949, 499433
2, 82284, 59422
2, 92379, 66722
2, 199993, 199999
2, 199910, 199622
2, 96017, 99007
2, 199991, 199999
2, 199700, 199999
2, 299887, 278876
2, 199999, 199998
2, 499975, 499987
2, 299989, 300000
2, 399975, 333213
2, 199651, 200000
2, 378522, 399995
2, 399934, 399893
2, 300000, 299684
2, 47615, 90375
2, 354382, 393147
2, 399988, 399991
2, 310031, 399998
2, 200000, 199512
2, 400000, 398950
2, 499975, 492995
2, 278431, 299988
2, 470500, 499789
2, 86030, 99504
2, 92014, 99652
2, 499950, 499998
2, 385073, 359070
2, 299971, 297369
2, 299988, 300000
2, 399885, 368915
2, 199999, 199513
2, 499997, 499742
2, 499424, 499882
2, 299045, 299997
2, 499942, 489824
2, 197671, 199916
2, 199918, 199465
2, 500000, 499998
2, 98256, 77053
2, 486036, 498370
2, 498177, 499517
2, 177548, 199922
2, 299998, 299999
2, 400000, 399929
2, 399984, 399784
2, 499876, 499532
2, 490601, 498174
2, 397945, 399850
2, 399993, 399861
2, 299999, 289375
2, 499840, 493273
2, 498475, 500000
2, 391500, 322917
2, 199968, 199491
2, 195894, 181399
2, 99911, 99925
2, 399919, 372972
2, 299993, 298693
2, 100445, 199904
2, 299970, 299987
2, 98409, 65266
2, 468581, 499985
2, 299929, 299561
2, 400000, 399783
2, 14581, 99086
2, 99981, 99512
2, 499832, 499994
2, 499794, 499974
2, 195844, 199794
2, 99981, 99927
2, 388409, 345733
2, 286188, 299999
2, 400000, 399960
2, 199996, 195939
2, 299997, 299733
2, 200000, 199975
2, 394214, 399989
2, 331009, 399997
2, 299933, 299881
2, 400000, 398761
2, 399997, 399422
2, 400000, 399945
2, 96761, 60710
2, 200000, 192980
2, 148624, 199999
2, 99997, 99998
2, 90941, 99998
2, 319239, 395815
2, 199965, 199992
2, 199669, 199966
2, 97726, 100000
2, 499962, 488453
2, 116577, 199521
2, 500000, 499999
2, 388505, 399631
2, 76648, 100000
2, 97443, 99936
2, 299417, 299999
2, 499961, 497142
2, 375025, 399799
2, 421818, 499994
2, 299964, 211018
2, 93170, 98334
2, 99995, 95403
2, 135825, 167096
2, 200000, 179841
2, 499971, 499615
2, 61160, 98488
2, 196433, 199955
2, 199998, 198867
2, 360477, 399969
2, 199631, 199954
2, 99887, 91397
2, 259649, 300000
2, 499931, 499683
2, 100000, 100000
2, 374433, 395703
2, 99924, 99577
2, 399938, 341221
2, 499992, 497869
2, 306204, 389410
2, 299768, 297854
2, 299997, 291704
2, 199998, 132931
2, 298675, 299689
2, 100000, 62600
2, 299998, 299976
2, 199951, 178751
2, 83602, 97468
2, 281199, 297231
2, 250545, 226083
2, 352547, 361893
2, 399999, 399909
2, 100000, 99993
2, 199942, 111703
2, 299523, 299949
2, 299933, 299523
2, 199953, 198831
2, 499892, 499980
2, 96107, 99999
2, 399992, 399999
2, 399879, 399997
2, 399995, 392180
2, 400000, 399831
2, 294567, 207846
2, 285663, 299995
2, 498153, 424575
2, 499510, 486423
2, 98981, 99862
2, 99687, 99976
2, 99924, 96862
2, 387183, 399988
2, 199929, 199963
2, 499992, 493194
2, 197414, 199919
2, 299376, 297790
2, 299171, 299339
2, 298886, 300000
2, 497827, 500000
2, 396525, 399614
2, 99813, 98689
2, 99973, 99970
2, 399297, 397356
2, 350339, 398317
2, 199946, 199975
2, 399990, 399998
2, 400000, 389626
2, 497403, 443107
2, 99990, 97991
2, 489840, 499949
2, 199997, 164111
2, 90322, 100000
2, 499876, 499816
2, 487796, 498911
2, 299362, 298606
2, 299988, 299998
2, 99997, 80707
2, 499964, 499957
2, 400000, 395065
2, 77517, 99942
2, 452632, 474221
2, 398253, 399872
2, 299989, 295108
2, 92598, 100000
2, 299998, 299997
2, 199999, 199998
2, 299934, 279538
2, 299999, 258842
2, 199940, 172852
2, 397780, 399983
2, 499979, 499989
2, 199999, 199862
2, 99951, 94262
2, 99986, 90677
2, 14773, 98554
2, 387612, 399932
2, 299960, 293673
2, 199984, 199998
2, 97155, 16687
2, 135719, 199974
2, 499881, 488124
2, 272987, 298185
2, 400000, 398319
2, 199991, 199991
2, 399830, 399396
2, 27947, 99998
2, 382372, 399978
2, 355903, 399397
2, 361442, 400000
2, 380956, 399452
2, 99931, 99794
2, 199997, 107163
2, 99960, 65040
2, 199998, 199997
2, 493569, 499719
2, 176340, 179721
2, 299994, 299961
2, 99991, 99986
2, 299997, 299972
2, 200000, 199969
2, 146202, 199998
2, 199174, 199635
2, 399992, 399989
2, 100000, 99955
2, 322525, 399998
2, 399513, 399972
2, 399999, 371746
2, 299506, 299997
2, 396103, 399862
2, 299978, 297973
2, 99617, 99394
2, 397669, 381786
2, 489106, 469414
2, 499364, 468389
2, 199949, 199998
2, 99987, 99961
2, 199977, 199735
2, 390366, 389526
2, 99997, 67516
2, 99873, 96132
2, 399923, 399953
2, 300000, 299998
2, 94222, 99994
2, 92402, 99205
2, 20044, 89213
2, 188013, 199717
2, 199999, 197126
2, 500000, 499981
2, 16751, 65596
2, 492031, 499923
2, 98989, 99958
2, 399999, 381177
2, 199429, 197724
2, 398175, 399885
2, 200719, 300000
2, 87463, 100000
2, 199968, 199387
2, 217788, 299991
2, 500000, 447733
2, 299473, 237653
2, 99989, 100000
2, 295449, 285346
2, 399999, 342402
2, 299551, 299998
2, 214588, 299977
2, 198670, 200000
2, 103377, 199922
2, 397919, 394570
2, 293805, 297849
2, 287456, 299987
2, 364568, 399906
2, 99997, 79685
2, 300000, 276079
2, 399996, 399983
2, 399979, 399857
2, 188377, 199900
2, 499862, 499904
2, 199646, 200000
2, 199089, 199903
2, 166525, 199688
2, 499999, 461078
2, 499853, 499999
2, 66259, 99999
2, 190010, 199912
2, 393053, 394342
2, 199826, 199999
2, 199969, 198106
2, 5137, 60182
2, 240968, 296630
2, 195914, 198974
2, 500000, 469324
2, 199999, 199894
2, 298073, 299972
2, 298298, 299999
2, 399999, 302028
2, 100000, 99658
2, 499979, 499999
2, 100000, 99999
2, 99943, 99995
2, 99995, 99999
2, 199975, 164261
2, 399427, 399887
2, 98573, 76578
2, 490107, 499986
2, 99998, 99999
2, 197932, 175372
2, 199993, 199904
2, 499954, 497191
2, 487751, 499981
2, 199860, 199320
2, 286717, 299959
2, 172136, 181671
2, 499977, 497215
2, 78591, 84720
2, 95717, 99964
2, 496224, 499476
2, 399990, 399332
2, 399969, 398587
2, 199999, 199998
2, 199003, 190070
2, 395573, 399991
2, 295811, 249362
2, 99990, 99102
2, 194016, 199707
2, 499377, 499923
2, 499994, 484837
2, 199966, 199993
2, 90517, 20462
2, 396661, 399998
2, 399906, 400000
2, 399904, 400000
2, 38770, 10004
2, 200000, 198934
2, 218851, 299998
2, 422973, 499827
2, 67463, 66266
2, 366142, 399996
2, 499949, 436429
2, 398644, 399998
2, 3735, 99991
2, 499818, 482568
2, 99505, 99282
2, 499975, 472514
2, 351716, 399836
2, 499793, 446894
2, 239261, 277096
2, 99996, 85406
2, 200000, 199998
2, 396594, 399638
2, 497429, 414293
2, 199998, 180299
2, 95042, 99843
